{
"type": "FeatureCollection",
"crs": { "type": "name", "properties": { "name": "urn:ogc:def:crs:OGC:1.3:CRS84" } },
"features": [
{ "type": "Feature", "properties": { "NHD_NUM": 43, "NHD_NAME": "Franz Park", "pct_tenant_lawyer_pre": 0.0, "total_filings_pre": 10, "pct_tenant_lawyer_post": 0.0, "total_filings_post": 13 }, "geometry": { "type": "Polygon", "coordinates": [ [ [ -90.298904631511519, 38.624587664101313 ], [ -90.29844201700962, 38.624376804386166 ], [ -90.298389298300322, 38.624352933611029 ], [ -90.297705310190025, 38.624022901287233 ], [ -90.297657001566421, 38.62398687395909 ], [ -90.297602855286414, 38.623948117620401 ], [ -90.297576933905887, 38.62393000448504 ], [ -90.29753068358319, 38.623883682566067 ], [ -90.297471967952973, 38.623814713144654 ], [ -90.29722008943277, 38.623452035328 ], [ -90.296929026136837, 38.623022040038656 ], [ -90.296771854235004, 38.622789269360098 ], [ -90.29665618516006, 38.622647433702944 ], [ -90.29655702044704, 38.622536710116954 ], [ -90.296455225126536, 38.622427602574554 ], [ -90.296287667245096, 38.622266893563371 ], [ -90.2961046879647, 38.622101133159568 ], [ -90.295937409178194, 38.621941358351222 ], [ -90.295832695152896, 38.621837983853034 ], [ -90.295647030302874, 38.621582974720582 ], [ -90.295281066524566, 38.620948026436579 ], [ -90.305979114871874, 38.617513030516356 ], [ -90.306945676102245, 38.617202280452389 ], [ -90.308750204853496, 38.616664981535159 ], [ -90.3089802652609, 38.616583227368167 ], [ -90.3091121955201, 38.616537667363346 ], [ -90.309527240236449, 38.616425541018458 ], [ -90.309773310238612, 38.616351334708078 ], [ -90.309983807236108, 38.616281435848606 ], [ -90.310310802192944, 38.616151535017543 ], [ -90.311084331569973, 38.615816629667641 ], [ -90.311579082668032, 38.615562961853044 ], [ -90.312110443047914, 38.615240949463633 ], [ -90.310891163817075, 38.618285153957828 ], [ -90.309318968424421, 38.626969669848542 ], [ -90.307182425821026, 38.626781037876576 ], [ -90.301450976978657, 38.626238001905143 ], [ -90.301236629321792, 38.626218196730932 ], [ -90.301318747518906, 38.625851068682088 ], [ -90.301075365084031, 38.625039427108362 ], [ -90.300854848736179, 38.625036086261176 ], [ -90.300616343588629, 38.625006600187284 ], [ -90.300180739429223, 38.62493630281682 ], [ -90.299734126079741, 38.624835093391894 ], [ -90.299113022208402, 38.624657823190581 ], [ -90.298904631511519, 38.624587664101313 ] ] ] } },
{ "type": "Feature", "properties": { "NHD_NUM": 29, "NHD_NAME": "Tiffany", "pct_tenant_lawyer_pre": 13.6, "total_filings_pre": 22, "pct_tenant_lawyer_post": 0.0, "total_filings_post": 27 }, "geometry": { "type": "Polygon", "coordinates": [ [ [ -90.236733333950141, 38.625998825722419 ], [ -90.238583001477508, 38.620647270403794 ], [ -90.239323789987822, 38.617056731747084 ], [ -90.239373395062117, 38.616647699219513 ], [ -90.239381862269724, 38.61664840455839 ], [ -90.245037491165377, 38.617171194724556 ], [ -90.24442007969553, 38.621335938176479 ], [ -90.244360051311588, 38.621651367836371 ], [ -90.244278791171709, 38.621863999835973 ], [ -90.244109050024775, 38.622173450830147 ], [ -90.24338797507076, 38.623407757149529 ], [ -90.242141003185438, 38.627137437848901 ], [ -90.236733333950141, 38.625998825722419 ] ] ] } },
{ "type": "Feature", "properties": { "NHD_NUM": 28, "NHD_NAME": "Botanical Heights", "pct_tenant_lawyer_pre": 0.0, "total_filings_pre": 18, "pct_tenant_lawyer_post": 0.0, "total_filings_post": 19 }, "geometry": { "type": "Polygon", "coordinates": [ [ [ -90.242141003185438, 38.627137437848901 ], [ -90.24338797507076, 38.623407757149529 ], [ -90.244109050024775, 38.622173450830147 ], [ -90.244278791171709, 38.621863999835973 ], [ -90.244360051311588, 38.621651367836371 ], [ -90.24442007969553, 38.621335938176479 ], [ -90.245037491165377, 38.617171194724556 ], [ -90.255999941871707, 38.618183677258628 ], [ -90.256064667547932, 38.618191144573878 ], [ -90.258862162200643, 38.618431060694732 ], [ -90.259745178128355, 38.618488701777743 ], [ -90.260037693056063, 38.618505309975362 ], [ -90.259938206166211, 38.618593909591397 ], [ -90.258420448982832, 38.619861682961314 ], [ -90.255815483358248, 38.62216974417742 ], [ -90.253974126136455, 38.62376173567749 ], [ -90.253549047793285, 38.624119184267506 ], [ -90.252797821991905, 38.624745948875642 ], [ -90.252030922629572, 38.625335852327979 ], [ -90.251240356157808, 38.625943769540086 ], [ -90.247594439650896, 38.628240915381909 ], [ -90.247163243626161, 38.628170649127867 ], [ -90.242141003185438, 38.627137437848901 ] ] ] } },
{ "type": "Feature", "properties": { "NHD_NUM": 40, "NHD_NAME": "Kings Oak", "pct_tenant_lawyer_pre": null, "total_filings_pre": 0, "pct_tenant_lawyer_post": 0.0, "total_filings_post": 1 }, "geometry": { "type": "Polygon", "coordinates": [ [ [ -90.264528775430065, 38.628761233261713 ], [ -90.264571174848513, 38.628469783932317 ], [ -90.265010277898526, 38.625855148623899 ], [ -90.26807980464126, 38.625432249592969 ], [ -90.271543346093281, 38.624464947283009 ], [ -90.272308383086127, 38.624311074319451 ], [ -90.272567235677542, 38.62427725377141 ], [ -90.275696548423412, 38.623908503669313 ], [ -90.275690540801421, 38.623971648280516 ], [ -90.2754560905163, 38.62514941916524 ], [ -90.27452604941638, 38.629738647876465 ], [ -90.264528775430065, 38.628761233261713 ] ] ] } },
{ "type": "Feature", "properties": { "NHD_NUM": 41, "NHD_NAME": "Cheltenham", "pct_tenant_lawyer_pre": 0.0, "total_filings_pre": 9, "pct_tenant_lawyer_post": 0.0, "total_filings_post": 12 }, "geometry": { "type": "Polygon", "coordinates": [ [ [ -90.27452604941638, 38.629738647876465 ], [ -90.2754560905163, 38.62514941916524 ], [ -90.275690540801421, 38.623971648280516 ], [ -90.275696548423412, 38.623908503669313 ], [ -90.280138022511025, 38.623392928916708 ], [ -90.288057114997031, 38.622447427851867 ], [ -90.287883597415686, 38.62332995630458 ], [ -90.287861097344887, 38.623446370241986 ], [ -90.287829876418172, 38.623647699065657 ], [ -90.287816779662776, 38.623732799713288 ], [ -90.28789788642672, 38.624408883385833 ], [ -90.287938531475859, 38.624573272552652 ], [ -90.28793246818762, 38.624849227298149 ], [ -90.287814088426572, 38.625619958127878 ], [ -90.287154787929367, 38.629478869146233 ], [ -90.286998070575194, 38.630187251973567 ], [ -90.28676135707785, 38.630908091298032 ], [ -90.285005098243303, 38.630744927686486 ], [ -90.27452604941638, 38.629738647876465 ] ] ] } },
{ "type": "Feature", "properties": { "NHD_NUM": 42, "NHD_NAME": "Clayton-Tamm", "pct_tenant_lawyer_pre": 8.3, "total_filings_pre": 12, "pct_tenant_lawyer_post": 0.0, "total_filings_post": 14 }, "geometry": { "type": "Polygon", "coordinates": [ [ [ -90.291244133502872, 38.63137317942396 ], [ -90.28676135707785, 38.630908091298032 ], [ -90.286998070575194, 38.630187251973567 ], [ -90.287154787929367, 38.629478869146233 ], [ -90.287814088426572, 38.625619958127878 ], [ -90.28793246818762, 38.624849227298149 ], [ -90.287938531475859, 38.624573272552652 ], [ -90.28789788642672, 38.624408883385833 ], [ -90.287816779662776, 38.623732799713288 ], [ -90.287829876418172, 38.623647699065657 ], [ -90.287861097344887, 38.623446370241986 ], [ -90.287883597415686, 38.62332995630458 ], [ -90.288057114997031, 38.622447427851867 ], [ -90.288520092513963, 38.622424678381464 ], [ -90.290402167898435, 38.622190350003052 ], [ -90.291565370066067, 38.62202218080953 ], [ -90.292197252313656, 38.621894712217824 ], [ -90.292645615266437, 38.621779492495698 ], [ -90.294233197709531, 38.62128434926835 ], [ -90.295281066524566, 38.620948026436579 ], [ -90.295647030302874, 38.621582974720582 ], [ -90.295832695152896, 38.621837983853034 ], [ -90.295937409178194, 38.621941358351222 ], [ -90.2961046879647, 38.622101133159568 ], [ -90.296287667245096, 38.622266893563371 ], [ -90.296455225126536, 38.622427602574554 ], [ -90.29655702044704, 38.622536710116954 ], [ -90.29665618516006, 38.622647433702944 ], [ -90.296771854235004, 38.622789269360098 ], [ -90.296929026136837, 38.623022040038656 ], [ -90.29722008943277, 38.623452035328 ], [ -90.297471967952973, 38.623814713144654 ], [ -90.29753068358319, 38.623883682566067 ], [ -90.297576933905887, 38.62393000448504 ], [ -90.297602855286414, 38.623948117620401 ], [ -90.297657001566421, 38.62398687395909 ], [ -90.297705310190025, 38.624022901287233 ], [ -90.298389298300322, 38.624352933611029 ], [ -90.298364714584196, 38.624381943219632 ], [ -90.297237521148986, 38.629555182383143 ], [ -90.296857553582569, 38.62950921566469 ], [ -90.296489720382709, 38.631870783346386 ], [ -90.29374295581998, 38.631610108644637 ], [ -90.291244133502872, 38.63137317942396 ] ] ] } },
{ "type": "Feature", "properties": { "NHD_NUM": 39, "NHD_NAME": "Forest Park South East", "pct_tenant_lawyer_pre": 1.3, "total_filings_pre": 78, "pct_tenant_lawyer_post": 1.5, "total_filings_post": 67 }, "geometry": { "type": "Polygon", "coordinates": [ [ [ -90.243293012024509, 38.632017493547188 ], [ -90.243423830279937, 38.631910689876982 ], [ -90.243701206411828, 38.631680887933122 ], [ -90.244218095524332, 38.631195523895336 ], [ -90.24477800223255, 38.630680294060092 ], [ -90.245325900712771, 38.630183103613028 ], [ -90.245556252039549, 38.62996255867732 ], [ -90.24580660367495, 38.629698560832239 ], [ -90.24593084568599, 38.629548490962833 ], [ -90.246146414960378, 38.62929976711014 ], [ -90.246546351492967, 38.62897364955807 ], [ -90.246670076798637, 38.628879869920823 ], [ -90.247594439650896, 38.628240915381909 ], [ -90.251240356157808, 38.625943769540086 ], [ -90.252030922629572, 38.625335852327979 ], [ -90.252797821991905, 38.624745948875642 ], [ -90.253549047793285, 38.624119184267506 ], [ -90.253974126136455, 38.62376173567749 ], [ -90.255815483358248, 38.62216974417742 ], [ -90.258420448982832, 38.619861682961314 ], [ -90.259938206166211, 38.618593909591397 ], [ -90.260037693056063, 38.618505309975362 ], [ -90.260214098658864, 38.618515282326307 ], [ -90.260822760916341, 38.618536903521388 ], [ -90.261593031862375, 38.618544680792745 ], [ -90.262919910198335, 38.618534113776555 ], [ -90.263448760243932, 38.618516402280811 ], [ -90.264299623509345, 38.618496838398421 ], [ -90.264973462456027, 38.618473947159913 ], [ -90.265615237998318, 38.618451674299529 ], [ -90.266512281713972, 38.618416177956917 ], [ -90.266082373050722, 38.620548464259393 ], [ -90.265010277898526, 38.625855148623899 ], [ -90.264571174848513, 38.628469783932317 ], [ -90.264528775430065, 38.628761233261713 ], [ -90.264468683043191, 38.629206857858797 ], [ -90.264454130507517, 38.629375015894219 ], [ -90.264504549108452, 38.629649956680382 ], [ -90.264601130820168, 38.62991787868549 ], [ -90.264745468750988, 38.630204897320283 ], [ -90.265402161162626, 38.631266361582448 ], [ -90.265244714431461, 38.631326455904393 ], [ -90.264975154084226, 38.631425014508501 ], [ -90.264609180367202, 38.63155652232232 ], [ -90.26444386139778, 38.631614540287949 ], [ -90.264194473614722, 38.63169916218213 ], [ -90.263983344866361, 38.631763512311238 ], [ -90.263738316723732, 38.631831418792807 ], [ -90.263483142287043, 38.631897491657803 ], [ -90.263257451103101, 38.631950360715955 ], [ -90.263050770506013, 38.631992285083498 ], [ -90.262850522224412, 38.632025955552017 ], [ -90.262546414129275, 38.632068367988175 ], [ -90.262251099377593, 38.632097753508596 ], [ -90.261951398715041, 38.632120017730266 ], [ -90.261672483912562, 38.632133646149299 ], [ -90.261277455778227, 38.632135120068533 ], [ -90.261116174172045, 38.632125400002288 ], [ -90.26088370448727, 38.632110755923343 ], [ -90.260693857777497, 38.632089993235752 ], [ -90.260561756404314, 38.632074620439973 ], [ -90.260511018305607, 38.632067870725592 ], [ -90.260249216668655, 38.632020434190252 ], [ -90.260128514939836, 38.631998439296318 ], [ -90.259867007466056, 38.631946636793593 ], [ -90.259582192187452, 38.631882429200921 ], [ -90.259272081956169, 38.631803533006391 ], [ -90.259096019110402, 38.631754897309264 ], [ -90.258899293618782, 38.631697953099454 ], [ -90.258679286062772, 38.631631597585333 ], [ -90.25844526017174, 38.631559720887793 ], [ -90.258212426507583, 38.631486939889768 ], [ -90.257992676817537, 38.631417371040911 ], [ -90.257798036951698, 38.631355184307509 ], [ -90.257626370119823, 38.631300844752481 ], [ -90.257478936641675, 38.63125454427648 ], [ -90.257282221065793, 38.631195785675594 ], [ -90.256999478086428, 38.631120784324651 ], [ -90.256705951801678, 38.63105679847974 ], [ -90.256427803574809, 38.631010445513205 ], [ -90.256200927080982, 38.630978861628215 ], [ -90.255981303248376, 38.630955530173125 ], [ -90.255822655180907, 38.630944435347089 ], [ -90.255616729379412, 38.630938513576901 ], [ -90.255084614219129, 38.630941986457188 ], [ -90.254784643030959, 38.630962172326093 ], [ -90.254584728292812, 38.630990365450053 ], [ -90.254488403087137, 38.631006638849925 ], [ -90.253755984019776, 38.631141709807721 ], [ -90.253545537459672, 38.631178336547983 ], [ -90.253197349639137, 38.631221757040443 ], [ -90.252780662282362, 38.631252208503412 ], [ -90.25226894223222, 38.631269413310363 ], [ -90.251904563716408, 38.631266829537289 ], [ -90.251397089793812, 38.6312300545748 ], [ -90.251084440157499, 38.631210388258971 ], [ -90.250806780941687, 38.631195847830689 ], [ -90.25043868157276, 38.631176061677266 ], [ -90.250050733015925, 38.631156478807711 ], [ -90.249907222024206, 38.631151586604496 ], [ -90.249667704529472, 38.631151541045071 ], [ -90.249485342387942, 38.631164880295607 ], [ -90.249174810260541, 38.631201257805081 ], [ -90.249005549528135, 38.631221708995618 ], [ -90.248434284779663, 38.631318181865645 ], [ -90.247687598885278, 38.631454336372641 ], [ -90.246563944694245, 38.631672734949838 ], [ -90.243167680787991, 38.632313338394944 ], [ -90.243293012024509, 38.632017493547188 ] ] ] } },
{ "type": "Feature", "properties": { "NHD_NUM": 44, "NHD_NAME": "Hi-Pointe", "pct_tenant_lawyer_pre": 0.0, "total_filings_pre": 14, "pct_tenant_lawyer_post": 11.1, "total_filings_post": 9 }, "geometry": { "type": "Polygon", "coordinates": [ [ [ -90.304518627142585, 38.632647894670157 ], [ -90.30399155556114, 38.632608102479246 ], [ -90.300347013143934, 38.632268283386118 ], [ -90.299552625727387, 38.632167165859833 ], [ -90.297623367853802, 38.631980280065008 ], [ -90.296489720382709, 38.631870783346386 ], [ -90.296857553582569, 38.62950921566469 ], [ -90.297237521148986, 38.629555182383143 ], [ -90.298364714584196, 38.624381943219632 ], [ -90.298389298300322, 38.624352933611029 ], [ -90.29844201700962, 38.624376804386166 ], [ -90.298904631511519, 38.624587664101313 ], [ -90.299113022208402, 38.624657823190581 ], [ -90.299734126079741, 38.624835093391894 ], [ -90.300180739429223, 38.62493630281682 ], [ -90.300616343588629, 38.625006600187284 ], [ -90.300854848736179, 38.625036086261176 ], [ -90.301075365084031, 38.625039427108362 ], [ -90.301318747518906, 38.625851068682088 ], [ -90.301236629321792, 38.626218196730932 ], [ -90.301450976978657, 38.626238001905143 ], [ -90.307182425821026, 38.626781037876576 ], [ -90.309318968424421, 38.626969669848542 ], [ -90.308707312018441, 38.63034846276738 ], [ -90.307831136035873, 38.63245888800099 ], [ -90.307827627971662, 38.632461628154921 ], [ -90.306387086975377, 38.633534281839594 ], [ -90.306372868373174, 38.633614356513881 ], [ -90.30627377765606, 38.633581927977666 ], [ -90.306000505664855, 38.633555608798773 ], [ -90.3059574414157, 38.633505424430872 ], [ -90.305850351415273, 38.633414630667296 ], [ -90.305698019664959, 38.63331508610073 ], [ -90.30516968328152, 38.633003451487781 ], [ -90.304518627142585, 38.632647894670157 ] ] ] } },
{ "type": "Feature", "properties": { "NHD_NUM": 36, "NHD_NAME": "Downtown West", "pct_tenant_lawyer_pre": 1.1, "total_filings_pre": 748, "pct_tenant_lawyer_post": 2.4, "total_filings_post": 825 }, "geometry": { "type": "Polygon", "coordinates": [ [ [ -90.195416541525461, 38.635335981474199 ], [ -90.195784567094961, 38.634272897236322 ], [ -90.196534893321058, 38.632273512317283 ], [ -90.196739785947827, 38.631768108584872 ], [ -90.196952449101957, 38.631220629608293 ], [ -90.198249488029518, 38.627462485721637 ], [ -90.199521636148262, 38.624318689100093 ], [ -90.201678168434285, 38.618843787577411 ], [ -90.201683451557628, 38.618759583002991 ], [ -90.208788748854971, 38.620191248336134 ], [ -90.218598196309529, 38.622228368157522 ], [ -90.218407405568001, 38.62276336469229 ], [ -90.21829714117905, 38.623131491705166 ], [ -90.218182810278122, 38.623644291905244 ], [ -90.218143776903091, 38.624003227295681 ], [ -90.218135976085321, 38.624278926197263 ], [ -90.218148802333729, 38.625849184649319 ], [ -90.218145939732295, 38.62606176724519 ], [ -90.218141969804549, 38.626405244778269 ], [ -90.218099112817086, 38.626685224826097 ], [ -90.218048396603677, 38.626898350635727 ], [ -90.217925088306274, 38.627171959293378 ], [ -90.217694347569619, 38.627543721921384 ], [ -90.216961906802638, 38.628726350276018 ], [ -90.214628004744824, 38.632506643216686 ], [ -90.214368418353232, 38.632931407151176 ], [ -90.214232978604585, 38.633177275126222 ], [ -90.21376558813634, 38.63412805925929 ], [ -90.213445145363551, 38.634667314781012 ], [ -90.213187883442956, 38.635093893300045 ], [ -90.213047582053974, 38.635380277986251 ], [ -90.21292539782857, 38.635731922308786 ], [ -90.212902305383295, 38.635816302378679 ], [ -90.212831689780714, 38.63617677749852 ], [ -90.212812853375922, 38.636370071061158 ], [ -90.212813580128895, 38.636767105438658 ], [ -90.212835908975364, 38.638997556412249 ], [ -90.202536485535603, 38.636832838479577 ], [ -90.200593052811527, 38.636423737007298 ], [ -90.195416541525461, 38.635335981474199 ] ] ] } },
{ "type": "Feature", "properties": { "NHD_NUM": 37, "NHD_NAME": "Midtown", "pct_tenant_lawyer_pre": 1.2, "total_filings_pre": 167, "pct_tenant_lawyer_post": 1.1, "total_filings_post": 89 }, "geometry": { "type": "Polygon", "coordinates": [ [ [ -90.215239026680095, 38.637329328421757 ], [ -90.212813580128895, 38.636767105438658 ], [ -90.212812853375922, 38.636370071061158 ], [ -90.212831689780714, 38.63617677749852 ], [ -90.212902305383295, 38.635816302378679 ], [ -90.21292539782857, 38.635731922308786 ], [ -90.213047582053974, 38.635380277986251 ], [ -90.213187883442956, 38.635093893300045 ], [ -90.213445145363551, 38.634667314781012 ], [ -90.21376558813634, 38.63412805925929 ], [ -90.214232978604585, 38.633177275126222 ], [ -90.214368418353232, 38.632931407151176 ], [ -90.214628004744824, 38.632506643216686 ], [ -90.216961906802638, 38.628726350276018 ], [ -90.217694347569619, 38.627543721921384 ], [ -90.217925088306274, 38.627171959293378 ], [ -90.218048396603677, 38.626898350635727 ], [ -90.218099112817086, 38.626685224826097 ], [ -90.218141969804549, 38.626405244778269 ], [ -90.218145939732295, 38.62606176724519 ], [ -90.218148802333729, 38.625849184649319 ], [ -90.218135976085321, 38.624278926197263 ], [ -90.218143776903091, 38.624003227295681 ], [ -90.218182810278122, 38.623644291905244 ], [ -90.21829714117905, 38.623131491705166 ], [ -90.218407405568001, 38.62276336469229 ], [ -90.218598196309529, 38.622228368157522 ], [ -90.236733333950141, 38.625998825722419 ], [ -90.242141003185438, 38.627137437848901 ], [ -90.247163243626161, 38.628170649127867 ], [ -90.247594439650896, 38.628240915381909 ], [ -90.246670076798637, 38.628879869920823 ], [ -90.246546351492967, 38.62897364955807 ], [ -90.246146414960378, 38.62929976711014 ], [ -90.24593084568599, 38.629548490962833 ], [ -90.24580660367495, 38.629698560832239 ], [ -90.245556252039549, 38.62996255867732 ], [ -90.245325900712771, 38.630183103613028 ], [ -90.24477800223255, 38.630680294060092 ], [ -90.244218095524332, 38.631195523895336 ], [ -90.243701206411828, 38.631680887933122 ], [ -90.243423830279937, 38.631910689876982 ], [ -90.243293012024509, 38.632017493547188 ], [ -90.243167680787991, 38.632313338394944 ], [ -90.243010257799213, 38.632684598189122 ], [ -90.242750602977836, 38.633430010467428 ], [ -90.242313845828534, 38.634729681170136 ], [ -90.240986251900097, 38.638658957312607 ], [ -90.240853113611948, 38.638929382366484 ], [ -90.230488570165591, 38.636793751510986 ], [ -90.228795465013718, 38.636432622911393 ], [ -90.228341740765202, 38.636359023455206 ], [ -90.22791772040641, 38.636234938819264 ], [ -90.225558547654757, 38.635729397215748 ], [ -90.224334594971452, 38.63924818337609 ], [ -90.21889421439829, 38.638122868275481 ], [ -90.218067127322016, 38.637954255987083 ], [ -90.217050964377634, 38.637729631018942 ], [ -90.215239026680095, 38.637329328421757 ] ] ] } },
{ "type": "Feature", "properties": { "NHD_NUM": 62, "NHD_NAME": "Columbus Square", "pct_tenant_lawyer_pre": 1.3, "total_filings_pre": 383, "pct_tenant_lawyer_post": 1.7, "total_filings_post": 297 }, "geometry": { "type": "Polygon", "coordinates": [ [ [ -90.187136870363247, 38.639684693629505 ], [ -90.187079512885049, 38.639590273104993 ], [ -90.186860130735369, 38.639188782809789 ], [ -90.186723657552548, 38.638899410733273 ], [ -90.186563262574012, 38.638548382473573 ], [ -90.186437082977335, 38.638251486366322 ], [ -90.186374890942076, 38.638061851150049 ], [ -90.186277069007332, 38.637676942000979 ], [ -90.186142272219357, 38.637213207626061 ], [ -90.186143967615848, 38.636623719415617 ], [ -90.186110392525109, 38.635227112358358 ], [ -90.186091971262357, 38.634433933067037 ], [ -90.186064377911919, 38.633207560005665 ], [ -90.186137488702897, 38.633228131563932 ], [ -90.186440867899165, 38.633300338674594 ], [ -90.186564130324257, 38.633340704464253 ], [ -90.186644478050255, 38.633379829082671 ], [ -90.18689913403081, 38.633522639601516 ], [ -90.18697425210037, 38.633557164472599 ], [ -90.187146998672546, 38.633617569875391 ], [ -90.187608355008805, 38.633790421982233 ], [ -90.18809269169904, 38.633911848631293 ], [ -90.195145366613289, 38.635368006291074 ], [ -90.195377237114428, 38.635449394745237 ], [ -90.194394586647164, 38.638347917770879 ], [ -90.194380784535369, 38.638506458792463 ], [ -90.194434148042475, 38.638578898074819 ], [ -90.194638985826472, 38.639331620574502 ], [ -90.194636953405592, 38.639464105299091 ], [ -90.194569964212889, 38.639714715185868 ], [ -90.194082753532442, 38.641139037230438 ], [ -90.187302146909218, 38.639719240415921 ], [ -90.187136870363247, 38.639684693629505 ] ] ] } },
{ "type": "Feature", "properties": { "NHD_NUM": 61, "NHD_NAME": "Carr Square", "pct_tenant_lawyer_pre": 4.3, "total_filings_pre": 69, "pct_tenant_lawyer_post": 1.5, "total_filings_post": 68 }, "geometry": { "type": "Polygon", "coordinates": [ [ [ -90.194082753532442, 38.641139037230438 ], [ -90.194569964212889, 38.639714715185868 ], [ -90.194636953405592, 38.639464105299091 ], [ -90.194638985826472, 38.639331620574502 ], [ -90.194434148042475, 38.638578898074819 ], [ -90.194380784535369, 38.638506458792463 ], [ -90.194394586647164, 38.638347917770879 ], [ -90.195377237114428, 38.635449394745237 ], [ -90.195416541525461, 38.635335981474199 ], [ -90.200593052811527, 38.636423737007298 ], [ -90.202536485535603, 38.636832838479577 ], [ -90.212835908975364, 38.638997556412249 ], [ -90.212796371969901, 38.641289638493227 ], [ -90.212742155273233, 38.642232946137042 ], [ -90.212749572981593, 38.643874140850741 ], [ -90.212751361743585, 38.644005015421136 ], [ -90.212786501394547, 38.644631169173124 ], [ -90.212803947085135, 38.644795527620815 ], [ -90.212834328983348, 38.645078420584134 ], [ -90.205159127948349, 38.643472559301429 ], [ -90.194082753532442, 38.641139037230438 ] ] ] } },
{ "type": "Feature", "properties": { "NHD_NUM": 45, "NHD_NAME": "Wydown Skinker", "pct_tenant_lawyer_pre": 25.0, "total_filings_pre": 4, "pct_tenant_lawyer_post": 10.0, "total_filings_post": 10 }, "geometry": { "type": "Polygon", "coordinates": [ [ [ -90.300924691370099, 38.647917263539036 ], [ -90.30101756964396, 38.647353603122333 ], [ -90.301231434947724, 38.645986501340246 ], [ -90.301400644166691, 38.645167105013108 ], [ -90.301537565079343, 38.644602365531163 ], [ -90.301594694871895, 38.644416207216587 ], [ -90.301665238410166, 38.644228670726704 ], [ -90.302686945369956, 38.641514907049533 ], [ -90.302930030238514, 38.640531592123189 ], [ -90.30315595166077, 38.639446401140688 ], [ -90.303353431407714, 38.638389087502077 ], [ -90.30351304394749, 38.637311802772309 ], [ -90.30367588985753, 38.636241140087208 ], [ -90.303812122602594, 38.635389666767956 ], [ -90.303898349523948, 38.635004256293143 ], [ -90.304099923045683, 38.634260670013951 ], [ -90.304289268643075, 38.633622559852171 ], [ -90.304339453025236, 38.633396764332197 ], [ -90.304497819707137, 38.632678503709492 ], [ -90.304518627142585, 38.632647894670157 ], [ -90.30516968328152, 38.633003451487781 ], [ -90.305698019664959, 38.63331508610073 ], [ -90.305850351415273, 38.633414630667296 ], [ -90.3059574414157, 38.633505424430872 ], [ -90.306000505664855, 38.633555608798773 ], [ -90.30627377765606, 38.633581927977666 ], [ -90.306372868373174, 38.633614356513881 ], [ -90.30479591586105, 38.64244771788357 ], [ -90.303592491421711, 38.644953905510434 ], [ -90.303581202484068, 38.645023440596958 ], [ -90.303111285022567, 38.647837707516324 ], [ -90.301332162772951, 38.647650476097127 ], [ -90.301321210626895, 38.647711087300422 ], [ -90.301283658575358, 38.647780357707141 ], [ -90.301247975702935, 38.6478192073684 ], [ -90.301196220754761, 38.647858248622931 ], [ -90.301129599019134, 38.64789199258248 ], [ -90.301088421822001, 38.647904498980402 ], [ -90.301044310642325, 38.647914501309181 ], [ -90.300965827430048, 38.647919639807874 ], [ -90.300924691370099, 38.647917263539036 ] ] ] } },
{ "type": "Feature", "properties": { "NHD_NUM": 77, "NHD_NAME": "Covenant Blu-Grand Center", "pct_tenant_lawyer_pre": 1.5, "total_filings_pre": 132, "pct_tenant_lawyer_post": 2.4, "total_filings_post": 165 }, "geometry": { "type": "Polygon", "coordinates": [ [ [ -90.224334594971452, 38.63924818337609 ], [ -90.225558547654757, 38.635729397215748 ], [ -90.22791772040641, 38.636234938819264 ], [ -90.228341740765202, 38.636359023455206 ], [ -90.228795465013718, 38.636432622911393 ], [ -90.230488570165591, 38.636793751510986 ], [ -90.240853113611948, 38.638929382366484 ], [ -90.237769146190203, 38.643344338167736 ], [ -90.232363625316012, 38.650948815942378 ], [ -90.229632749129806, 38.649758582276455 ], [ -90.229443101286563, 38.649675299126692 ], [ -90.229182682254262, 38.649323220777426 ], [ -90.225644671490301, 38.645334915918816 ], [ -90.225212858168248, 38.644864324542077 ], [ -90.224262880208556, 38.643866009008008 ], [ -90.223918042006829, 38.643627208129075 ], [ -90.22400541917284, 38.643585566242351 ], [ -90.223987925565766, 38.640168181490949 ], [ -90.224334594971452, 38.63924818337609 ] ] ] } },
{ "type": "Feature", "properties": { "NHD_NUM": 38, "NHD_NAME": "Central West End", "pct_tenant_lawyer_pre": 3.3, "total_filings_pre": 398, "pct_tenant_lawyer_post": 5.7, "total_filings_post": 296 }, "geometry": { "type": "Polygon", "coordinates": [ [ [ -90.263508980215988, 38.651584383260712 ], [ -90.263368860582275, 38.651600355525687 ], [ -90.257576982446011, 38.651097363170102 ], [ -90.254918259739497, 38.65086621855373 ], [ -90.250525998600821, 38.648938394153596 ], [ -90.245528846403133, 38.646744549041017 ], [ -90.245467037320367, 38.646727252660781 ], [ -90.245401763747353, 38.646709262231504 ], [ -90.237769146190203, 38.643344338167736 ], [ -90.240853113611948, 38.638929382366484 ], [ -90.240986251900097, 38.638658957312607 ], [ -90.242313845828534, 38.634729681170136 ], [ -90.242750602977836, 38.633430010467428 ], [ -90.243010257799213, 38.632684598189122 ], [ -90.243167680787991, 38.632313338394944 ], [ -90.246563944694245, 38.631672734949838 ], [ -90.247687598885278, 38.631454336372641 ], [ -90.248434284779663, 38.631318181865645 ], [ -90.249005549528135, 38.631221708995618 ], [ -90.249174810260541, 38.631201257805081 ], [ -90.249485342387942, 38.631164880295607 ], [ -90.249667704529472, 38.631151541045071 ], [ -90.249907222024206, 38.631151586604496 ], [ -90.250050733015925, 38.631156478807711 ], [ -90.25043868157276, 38.631176061677266 ], [ -90.250806780941687, 38.631195847830689 ], [ -90.251084440157499, 38.631210388258971 ], [ -90.251397089793812, 38.6312300545748 ], [ -90.251904563716408, 38.631266829537289 ], [ -90.25226894223222, 38.631269413310363 ], [ -90.252780662282362, 38.631252208503412 ], [ -90.253197349639137, 38.631221757040443 ], [ -90.253545537459672, 38.631178336547983 ], [ -90.253755984019776, 38.631141709807721 ], [ -90.254488403087137, 38.631006638849925 ], [ -90.254584728292812, 38.630990365450053 ], [ -90.254784643030959, 38.630962172326093 ], [ -90.255084614219129, 38.630941986457188 ], [ -90.255616729379412, 38.630938513576901 ], [ -90.255822655180907, 38.630944435347089 ], [ -90.255981303248376, 38.630955530173125 ], [ -90.256200927080982, 38.630978861628215 ], [ -90.256427803574809, 38.631010445513205 ], [ -90.256705951801678, 38.63105679847974 ], [ -90.256999478086428, 38.631120784324651 ], [ -90.257282221065793, 38.631195785675594 ], [ -90.257478936641675, 38.63125454427648 ], [ -90.257626370119823, 38.631300844752481 ], [ -90.257798036951698, 38.631355184307509 ], [ -90.257992676817537, 38.631417371040911 ], [ -90.258212426507583, 38.631486939889768 ], [ -90.25844526017174, 38.631559720887793 ], [ -90.258679286062772, 38.631631597585333 ], [ -90.258899293618782, 38.631697953099454 ], [ -90.259096019110402, 38.631754897309264 ], [ -90.259272081956169, 38.631803533006391 ], [ -90.259582192187452, 38.631882429200921 ], [ -90.259867007466056, 38.631946636793593 ], [ -90.260128514939836, 38.631998439296318 ], [ -90.260249216668655, 38.632020434190252 ], [ -90.260511018305607, 38.632067870725592 ], [ -90.260561756404314, 38.632074620439973 ], [ -90.260693857777497, 38.632089993235752 ], [ -90.26088370448727, 38.632110755923343 ], [ -90.261116174172045, 38.632125400002288 ], [ -90.261277455778227, 38.632135120068533 ], [ -90.261672483912562, 38.632133646149299 ], [ -90.261951398715041, 38.632120017730266 ], [ -90.262251099377593, 38.632097753508596 ], [ -90.262546414129275, 38.632068367988175 ], [ -90.262850522224412, 38.632025955552017 ], [ -90.263050770506013, 38.631992285083498 ], [ -90.263257451103101, 38.631950360715955 ], [ -90.263483142287043, 38.631897491657803 ], [ -90.263738316723732, 38.631831418792807 ], [ -90.263983344866361, 38.631763512311238 ], [ -90.264194473614722, 38.63169916218213 ], [ -90.26444386139778, 38.631614540287949 ], [ -90.264609180367202, 38.63155652232232 ], [ -90.264975154084226, 38.631425014508501 ], [ -90.265244714431461, 38.631326455904393 ], [ -90.265402161162626, 38.631266361582448 ], [ -90.266044608956832, 38.632321889068834 ], [ -90.266210959742395, 38.632657442936747 ], [ -90.266410093864863, 38.633150513324175 ], [ -90.266441626547007, 38.633304375378316 ], [ -90.26651922086532, 38.633936311111157 ], [ -90.266519026439894, 38.634266068981816 ], [ -90.266460087681565, 38.634725206241576 ], [ -90.266405410830899, 38.63512232115805 ], [ -90.26564263644093, 38.639724628643272 ], [ -90.265186746854241, 38.64245318160166 ], [ -90.26482819218154, 38.643950797139219 ], [ -90.265022012567059, 38.644008164202312 ], [ -90.265180308281444, 38.644050604891198 ], [ -90.265376857608501, 38.644087134783945 ], [ -90.265831823745074, 38.644150323872353 ], [ -90.267235453800239, 38.644284929508785 ], [ -90.274654207156715, 38.645023963953449 ], [ -90.273368664703028, 38.652676479639176 ], [ -90.273260801239616, 38.652646313411672 ], [ -90.272901559485391, 38.652557060222584 ], [ -90.272614297959876, 38.652506362410342 ], [ -90.272145823030669, 38.652444354476252 ], [ -90.270662447885968, 38.652293176015363 ], [ -90.263620516522124, 38.651571565639486 ], [ -90.263508980215988, 38.651584383260712 ] ] ] } },
{ "type": "Feature", "properties": { "NHD_NUM": 63, "NHD_NAME": "Old North St. Louis", "pct_tenant_lawyer_pre": 9.1, "total_filings_pre": 44, "pct_tenant_lawyer_post": 15.2, "total_filings_post": 33 }, "geometry": { "type": "Polygon", "coordinates": [ [ [ -90.194686548062862, 38.654418814249773 ], [ -90.194078638881834, 38.653198729970264 ], [ -90.193762893578935, 38.652579827462127 ], [ -90.192671273485317, 38.650389575720943 ], [ -90.191611183108009, 38.64827608868849 ], [ -90.191002152172857, 38.647072184989661 ], [ -90.190271290819297, 38.645632988724344 ], [ -90.18973088832837, 38.644552634327781 ], [ -90.189136516551926, 38.643406451057956 ], [ -90.18869490554863, 38.642571426052363 ], [ -90.188449309173535, 38.642090676623518 ], [ -90.187981452585106, 38.641183965490363 ], [ -90.187547055817646, 38.640362657621765 ], [ -90.187249286512795, 38.639870810465801 ], [ -90.187136870363247, 38.639684693629505 ], [ -90.187302146909218, 38.639719240415921 ], [ -90.194082753532442, 38.641139037230438 ], [ -90.193920236198409, 38.641622798871957 ], [ -90.193843924677353, 38.641866299271712 ], [ -90.193886164544608, 38.642150830898188 ], [ -90.193992616021163, 38.642369656655752 ], [ -90.194240610112089, 38.642649482067775 ], [ -90.194628595659566, 38.642803359874648 ], [ -90.195184146766792, 38.642933647329606 ], [ -90.195703313022278, 38.643049640423953 ], [ -90.195926312725248, 38.643164861807861 ], [ -90.196182187083679, 38.643305348855584 ], [ -90.196391565014736, 38.643471113409781 ], [ -90.19669597045538, 38.643794081134935 ], [ -90.196779789451483, 38.64398560549489 ], [ -90.196846655612958, 38.644320093647934 ], [ -90.196959532829553, 38.644537780157705 ], [ -90.197212254707793, 38.645079625541349 ], [ -90.198403186722174, 38.647473730472093 ], [ -90.200560574819718, 38.651700008092931 ], [ -90.20119820468409, 38.652819497055049 ], [ -90.201677700849146, 38.653646113708959 ], [ -90.20242050590636, 38.654888687953807 ], [ -90.203165521159448, 38.656076839450215 ], [ -90.203319286269462, 38.656230561198612 ], [ -90.202933979065932, 38.656177849975705 ], [ -90.199364943003133, 38.655415613033099 ], [ -90.196174387782094, 38.654728664009504 ], [ -90.195472887435258, 38.654582680162925 ], [ -90.194686548062862, 38.654418814249773 ] ] ] } },
{ "type": "Feature", "properties": { "NHD_NUM": 58, "NHD_NAME": "Vandeventer", "pct_tenant_lawyer_pre": 6.1, "total_filings_pre": 66, "pct_tenant_lawyer_post": 1.0, "total_filings_post": 103 }, "geometry": { "type": "Polygon", "coordinates": [ [ [ -90.232363625316012, 38.650948815942378 ], [ -90.237769146190203, 38.643344338167736 ], [ -90.245401763747353, 38.646709262231504 ], [ -90.245467037320367, 38.646727252660781 ], [ -90.245528846403133, 38.646744549041017 ], [ -90.250525998600821, 38.648938394153596 ], [ -90.245118197826685, 38.656459012938527 ], [ -90.245095777672702, 38.656530357535971 ], [ -90.236629143535197, 38.652819179126411 ], [ -90.232363625316012, 38.650948815942378 ] ] ] } },
{ "type": "Feature", "properties": { "NHD_NUM": 60, "NHD_NAME": "St. Louis Place", "pct_tenant_lawyer_pre": 1.5, "total_filings_pre": 68, "pct_tenant_lawyer_post": 3.3, "total_filings_post": 60 }, "geometry": { "type": "Polygon", "coordinates": [ [ [ -90.203319286269462, 38.656230561198612 ], [ -90.203165521159448, 38.656076839450215 ], [ -90.20242050590636, 38.654888687953807 ], [ -90.201677700849146, 38.653646113708959 ], [ -90.20119820468409, 38.652819497055049 ], [ -90.200560574819718, 38.651700008092931 ], [ -90.198403186722174, 38.647473730472093 ], [ -90.197212254707793, 38.645079625541349 ], [ -90.196959532829553, 38.644537780157705 ], [ -90.196846655612958, 38.644320093647934 ], [ -90.196779789451483, 38.64398560549489 ], [ -90.19669597045538, 38.643794081134935 ], [ -90.196391565014736, 38.643471113409781 ], [ -90.196182187083679, 38.643305348855584 ], [ -90.195926312725248, 38.643164861807861 ], [ -90.195703313022278, 38.643049640423953 ], [ -90.195184146766792, 38.642933647329606 ], [ -90.194628595659566, 38.642803359874648 ], [ -90.194240610112089, 38.642649482067775 ], [ -90.193992616021163, 38.642369656655752 ], [ -90.193886164544608, 38.642150830898188 ], [ -90.193843924677353, 38.641866299271712 ], [ -90.193920236198409, 38.641622798871957 ], [ -90.194082753532442, 38.641139037230438 ], [ -90.205159127948349, 38.643472559301429 ], [ -90.212834328983348, 38.645078420584134 ], [ -90.212842194330847, 38.645152123494405 ], [ -90.212890700048007, 38.645579011943504 ], [ -90.212907314412192, 38.646092318098191 ], [ -90.212903171483134, 38.646621582037255 ], [ -90.212898450276128, 38.647059103543569 ], [ -90.212912327288677, 38.647609006802355 ], [ -90.212920826771708, 38.648032584314592 ], [ -90.21290622346055, 38.64833138537886 ], [ -90.212885317260657, 38.648524948238361 ], [ -90.212820098929072, 38.648784276984657 ], [ -90.212898409693551, 38.648973250092922 ], [ -90.212885306515631, 38.649405012200887 ], [ -90.212869085736187, 38.649450966275019 ], [ -90.212856617518426, 38.649504260975903 ], [ -90.212991319891827, 38.657114022420338 ], [ -90.212959287627811, 38.657172761758581 ], [ -90.212926367998406, 38.65723446372494 ], [ -90.212614974744255, 38.658172112158077 ], [ -90.212606920645101, 38.658215806946714 ], [ -90.212597977436261, 38.658262904897761 ], [ -90.211343552836937, 38.658657066149047 ], [ -90.208384537119258, 38.657382216841384 ], [ -90.207936135774361, 38.657203520958703 ], [ -90.207669169398656, 38.657112019594841 ], [ -90.203734624292082, 38.656287218320792 ], [ -90.203319286269462, 38.656230561198612 ] ] ] } },
{ "type": "Feature", "properties": { "NHD_NUM": 49, "NHD_NAME": "Visitation Park", "pct_tenant_lawyer_pre": 1.5, "total_filings_pre": 134, "pct_tenant_lawyer_post": 1.8, "total_filings_post": 113 }, "geometry": { "type": "Polygon", "coordinates": [ [ [ -90.272227361301034, 38.659570915438849 ], [ -90.273368664703028, 38.652676479639176 ], [ -90.273485851611042, 38.652714930364141 ], [ -90.273745018915022, 38.65279163077259 ], [ -90.274311016925509, 38.652922001455963 ], [ -90.274566797203107, 38.652973980364109 ], [ -90.279135500942687, 38.65342940049571 ], [ -90.278027073949872, 38.660161505923547 ], [ -90.272227361301034, 38.659570915438849 ] ] ] } },
{ "type": "Feature", "properties": { "NHD_NUM": 54, "NHD_NAME": "Lewis Place", "pct_tenant_lawyer_pre": 0.0, "total_filings_pre": 34, "pct_tenant_lawyer_post": 13.3, "total_filings_post": 15 }, "geometry": { "type": "Polygon", "coordinates": [ [ [ -90.254435477927188, 38.660622873283366 ], [ -90.253510568118202, 38.660214067125544 ], [ -90.253442380527034, 38.660183938330029 ], [ -90.248058553907626, 38.657827407631466 ], [ -90.245095777672702, 38.656530357535971 ], [ -90.245118197826685, 38.656459012938527 ], [ -90.250525998600821, 38.648938394153596 ], [ -90.254918259739497, 38.65086621855373 ], [ -90.257576982446011, 38.651097363170102 ], [ -90.255877232503352, 38.661128419680352 ], [ -90.254435477927188, 38.660622873283366 ] ] ] } },
{ "type": "Feature", "properties": { "NHD_NUM": 53, "NHD_NAME": "Fountain Park", "pct_tenant_lawyer_pre": 10.7, "total_filings_pre": 75, "pct_tenant_lawyer_post": 8.0, "total_filings_post": 25 }, "geometry": { "type": "Polygon", "coordinates": [ [ [ -90.255877232503352, 38.661128419680352 ], [ -90.257576982446011, 38.651097363170102 ], [ -90.263368860582275, 38.651600355525687 ], [ -90.263508980215988, 38.651584383260712 ], [ -90.26159320463664, 38.662921203776406 ], [ -90.261529084091251, 38.663067512043753 ], [ -90.255877232503352, 38.661128419680352 ] ] ] } },
{ "type": "Feature", "properties": { "NHD_NUM": 59, "NHD_NAME": "Jeff Vanderlou", "pct_tenant_lawyer_pre": 1.9, "total_filings_pre": 106, "pct_tenant_lawyer_post": 4.1, "total_filings_post": 98 }, "geometry": { "type": "Polygon", "coordinates": [ [ [ -90.213215746319349, 38.659593933582833 ], [ -90.21293902212615, 38.659459858004119 ], [ -90.212247111117733, 38.659085594083315 ], [ -90.211603116288487, 38.658772127851982 ], [ -90.211343552836937, 38.658657066149047 ], [ -90.212597977436261, 38.658262904897761 ], [ -90.212606920645101, 38.658215806946714 ], [ -90.212614974744255, 38.658172112158077 ], [ -90.212926367998406, 38.65723446372494 ], [ -90.212959287627811, 38.657172761758581 ], [ -90.212991319891827, 38.657114022420338 ], [ -90.212856617518426, 38.649504260975903 ], [ -90.212869085736187, 38.649450966275019 ], [ -90.212885306515631, 38.649405012200887 ], [ -90.212898409693551, 38.648973250092922 ], [ -90.212820098929072, 38.648784276984657 ], [ -90.212885317260657, 38.648524948238361 ], [ -90.21290622346055, 38.64833138537886 ], [ -90.212920826771708, 38.648032584314592 ], [ -90.212912327288677, 38.647609006802355 ], [ -90.212898450276128, 38.647059103543569 ], [ -90.212903171483134, 38.646621582037255 ], [ -90.212907314412192, 38.646092318098191 ], [ -90.212890700048007, 38.645579011943504 ], [ -90.212842194330847, 38.645152123494405 ], [ -90.212834328983348, 38.645078420584134 ], [ -90.212803947085135, 38.644795527620815 ], [ -90.212786501394547, 38.644631169173124 ], [ -90.212751361743585, 38.644005015421136 ], [ -90.212749572981593, 38.643874140850741 ], [ -90.212742155273233, 38.642232946137042 ], [ -90.212796371969901, 38.641289638493227 ], [ -90.212835908975364, 38.638997556412249 ], [ -90.212813580128895, 38.636767105438658 ], [ -90.215239026680095, 38.637329328421757 ], [ -90.217050964377634, 38.637729631018942 ], [ -90.218067127322016, 38.637954255987083 ], [ -90.21889421439829, 38.638122868275481 ], [ -90.224334594971452, 38.63924818337609 ], [ -90.223987925565766, 38.640168181490949 ], [ -90.22400541917284, 38.643585566242351 ], [ -90.223918042006829, 38.643627208129075 ], [ -90.224262880208556, 38.643866009008008 ], [ -90.225212858168248, 38.644864324542077 ], [ -90.225644671490301, 38.645334915918816 ], [ -90.229182682254262, 38.649323220777426 ], [ -90.229443101286563, 38.649675299126692 ], [ -90.229632749129806, 38.649758582276455 ], [ -90.232363625316012, 38.650948815942378 ], [ -90.23225287384669, 38.651069629124443 ], [ -90.232065538233655, 38.651228682443573 ], [ -90.231528537834876, 38.651402970198781 ], [ -90.222722742682492, 38.663755535896655 ], [ -90.216748532099643, 38.661140769067721 ], [ -90.213215746319349, 38.659593933582833 ] ] ] } },
{ "type": "Feature", "properties": { "NHD_NUM": 57, "NHD_NAME": "The Ville", "pct_tenant_lawyer_pre": 3.5, "total_filings_pre": 86, "pct_tenant_lawyer_post": 6.2, "total_filings_post": 64 }, "geometry": { "type": "Polygon", "coordinates": [ [ [ -90.236629143535197, 38.652819179126411 ], [ -90.245095777672702, 38.656530357535971 ], [ -90.248058553907626, 38.657827407631466 ], [ -90.242816339763394, 38.66522585169735 ], [ -90.231340529339434, 38.660235297710507 ], [ -90.236629143535197, 38.652819179126411 ] ] ] } },
{ "type": "Feature", "properties": { "NHD_NUM": 51, "NHD_NAME": "Academy", "pct_tenant_lawyer_pre": 2.6, "total_filings_pre": 38, "pct_tenant_lawyer_post": 6.5, "total_filings_post": 31 }, "geometry": { "type": "Polygon", "coordinates": [ [ [ -90.261529084091251, 38.663067512043753 ], [ -90.26159320463664, 38.662921203776406 ], [ -90.263508980215988, 38.651584383260712 ], [ -90.263620516522124, 38.651571565639486 ], [ -90.270662447885968, 38.652293176015363 ], [ -90.272145823030669, 38.652444354476252 ], [ -90.272614297959876, 38.652506362410342 ], [ -90.272901559485391, 38.652557060222584 ], [ -90.273260801239616, 38.652646313411672 ], [ -90.273368664703028, 38.652676479639176 ], [ -90.272227361301034, 38.659570915438849 ], [ -90.272055730149859, 38.660784519090328 ], [ -90.272010050041331, 38.660921038645832 ], [ -90.271979389044986, 38.661014559333488 ], [ -90.27196032504385, 38.661051839577382 ], [ -90.271924859443203, 38.661092272471819 ], [ -90.267706225428938, 38.665770077607462 ], [ -90.265684513084508, 38.66468484570462 ], [ -90.264894825957612, 38.66430498470968 ], [ -90.261529084091251, 38.663067512043753 ] ] ] } },
{ "type": "Feature", "properties": { "NHD_NUM": 65, "NHD_NAME": "Hyde Park", "pct_tenant_lawyer_pre": 1.2, "total_filings_pre": 80, "pct_tenant_lawyer_post": 3.7, "total_filings_post": 54 }, "geometry": { "type": "Polygon", "coordinates": [ [ [ -90.201155603081546, 38.668296589709307 ], [ -90.20083538218482, 38.667822351208969 ], [ -90.20003824891883, 38.666640230855783 ], [ -90.199359475988004, 38.665636427485197 ], [ -90.198979187839129, 38.665076191255906 ], [ -90.198688627606828, 38.664626268489108 ], [ -90.198217908490676, 38.663843818776314 ], [ -90.197972975385554, 38.663373170794351 ], [ -90.197680080385865, 38.662790530059773 ], [ -90.197300679554061, 38.662026160753491 ], [ -90.197033590178251, 38.661480407826865 ], [ -90.196859144536788, 38.661115656936126 ], [ -90.196655549762525, 38.660604610235929 ], [ -90.196539804015842, 38.660239544371237 ], [ -90.196414561978742, 38.659701928817867 ], [ -90.196343231105132, 38.659310452304076 ], [ -90.196242523506399, 38.658769028167129 ], [ -90.196166364127578, 38.658277505538877 ], [ -90.196094622407216, 38.657851484164546 ], [ -90.196046601986424, 38.657613152674699 ], [ -90.195960233181665, 38.657267630526924 ], [ -90.195897608872983, 38.657029727653615 ], [ -90.195728327759355, 38.656557211700736 ], [ -90.195602038804779, 38.656261451210014 ], [ -90.195364555412155, 38.655761763940816 ], [ -90.194859604385812, 38.654766430284447 ], [ -90.194686548062862, 38.654418814249773 ], [ -90.195472887435258, 38.654582680162925 ], [ -90.196174387782094, 38.654728664009504 ], [ -90.199364943003133, 38.655415613033099 ], [ -90.202933979065932, 38.656177849975705 ], [ -90.203319286269462, 38.656230561198612 ], [ -90.203734624292082, 38.656287218320792 ], [ -90.207669169398656, 38.657112019594841 ], [ -90.207936135774361, 38.657203520958703 ], [ -90.208384537119258, 38.657382216841384 ], [ -90.211343552836937, 38.658657066149047 ], [ -90.211603116288487, 38.658772127851982 ], [ -90.212247111117733, 38.659085594083315 ], [ -90.21293902212615, 38.659459858004119 ], [ -90.213215746319349, 38.659593933582833 ], [ -90.208443060180386, 38.666320826870837 ], [ -90.208726215404994, 38.666886281376783 ], [ -90.207680281005395, 38.667214773193656 ], [ -90.207608632543725, 38.667237714403633 ], [ -90.203666159821083, 38.668482641293572 ], [ -90.202250398695142, 38.668376074881088 ], [ -90.201155603081546, 38.668296589709307 ] ] ] } },
{ "type": "Feature", "properties": { "NHD_NUM": 83, "NHD_NAME": "Fairground Park", "pct_tenant_lawyer_pre": null, "total_filings_pre": 0, "pct_tenant_lawyer_post": null, "total_filings_post": 0 }, "geometry": { "type": "Polygon", "coordinates": [ [ [ -90.222031931537046, 38.668200444824087 ], [ -90.21836082386244, 38.66660153992472 ], [ -90.214186154791477, 38.664787493184001 ], [ -90.216748532099643, 38.661140769067721 ], [ -90.222722742682492, 38.663755535896655 ], [ -90.228869882415026, 38.666453682065274 ], [ -90.226276922115858, 38.670056690129478 ], [ -90.222031931537046, 38.668200444824087 ] ] ] } },
{ "type": "Feature", "properties": { "NHD_NUM": 48, "NHD_NAME": "West End", "pct_tenant_lawyer_pre": 2.2, "total_filings_pre": 267, "pct_tenant_lawyer_post": 1.7, "total_filings_post": 231 }, "geometry": { "type": "Polygon", "coordinates": [ [ [ -90.272010050041331, 38.660921038645832 ], [ -90.272055730149859, 38.660784519090328 ], [ -90.272227361301034, 38.659570915438849 ], [ -90.278027073949872, 38.660161505923547 ], [ -90.279135500942687, 38.65342940049571 ], [ -90.284342555726838, 38.653948536962901 ], [ -90.294584267723579, 38.654955360253403 ], [ -90.301806998016104, 38.655645620144007 ], [ -90.296591443896787, 38.662241099175638 ], [ -90.289979276396565, 38.670599645594798 ], [ -90.288998749421637, 38.67002879274289 ], [ -90.276167560274956, 38.663110032107312 ], [ -90.272203417014808, 38.660960764277313 ], [ -90.27212381860862, 38.660937049264021 ], [ -90.272010050041331, 38.660921038645832 ] ] ] } },
{ "type": "Feature", "properties": { "NHD_NUM": 56, "NHD_NAME": "Greater Ville", "pct_tenant_lawyer_pre": 0.8, "total_filings_pre": 122, "pct_tenant_lawyer_post": 1.0, "total_filings_post": 96 }, "geometry": { "type": "Polygon", "coordinates": [ [ [ -90.239376837183457, 38.671057893211774 ], [ -90.236451270097248, 38.669776278589957 ], [ -90.228869882415026, 38.666453682065274 ], [ -90.222722742682492, 38.663755535896655 ], [ -90.231528537834876, 38.651402970198781 ], [ -90.232065538233655, 38.651228682443573 ], [ -90.23225287384669, 38.651069629124443 ], [ -90.232363625316012, 38.650948815942378 ], [ -90.236629143535197, 38.652819179126411 ], [ -90.231340529339434, 38.660235297710507 ], [ -90.242816339763394, 38.66522585169735 ], [ -90.248058553907626, 38.657827407631466 ], [ -90.253442380527034, 38.660183938330029 ], [ -90.253510568118202, 38.660214067125544 ], [ -90.244255253031312, 38.673070477379525 ], [ -90.242506113613913, 38.672370993375473 ], [ -90.239376837183457, 38.671057893211774 ] ] ] } },
{ "type": "Feature", "properties": { "NHD_NUM": 67, "NHD_NAME": "Fairground Neighborhood", "pct_tenant_lawyer_pre": 0.0, "total_filings_pre": 36, "pct_tenant_lawyer_post": 9.7, "total_filings_post": 31 }, "geometry": { "type": "Polygon", "coordinates": [ [ [ -90.208726215404994, 38.666886281376783 ], [ -90.208443060180386, 38.666320826870837 ], [ -90.213215746319349, 38.659593933582833 ], [ -90.216748532099643, 38.661140769067721 ], [ -90.214186154791477, 38.664787493184001 ], [ -90.21836082386244, 38.66660153992472 ], [ -90.222031931537046, 38.668200444824087 ], [ -90.22071266619588, 38.670061796300537 ], [ -90.220795434544542, 38.670097470714587 ], [ -90.2185544651295, 38.672973454838214 ], [ -90.218175101622307, 38.673317617569275 ], [ -90.214290096159573, 38.671593324222641 ], [ -90.214215564313605, 38.671539129660417 ], [ -90.212406427772393, 38.669722155047488 ], [ -90.212261493458456, 38.669616768145737 ], [ -90.211191690976023, 38.66912371373143 ], [ -90.210999497145934, 38.669012963612019 ], [ -90.210767178981982, 38.668863644415545 ], [ -90.209192862838762, 38.667764785684099 ], [ -90.208726215404994, 38.666886281376783 ] ] ] } },
{ "type": "Feature", "properties": { "NHD_NUM": 78, "NHD_NAME": "Hamilton Heights", "pct_tenant_lawyer_pre": 10.6, "total_filings_pre": 47, "pct_tenant_lawyer_post": 2.4, "total_filings_post": 42 }, "geometry": { "type": "Polygon", "coordinates": [ [ [ -90.267706225428938, 38.665770077607462 ], [ -90.271924859443203, 38.661092272471819 ], [ -90.27196032504385, 38.661051839577382 ], [ -90.271979389044986, 38.661014559333488 ], [ -90.272010050041331, 38.660921038645832 ], [ -90.27212381860862, 38.660937049264021 ], [ -90.272203417014808, 38.660960764277313 ], [ -90.276167560274956, 38.663110032107312 ], [ -90.288998749421637, 38.67002879274289 ], [ -90.289979276396565, 38.670599645594798 ], [ -90.285998114777655, 38.67563096637231 ], [ -90.279391186831774, 38.672098144362181 ], [ -90.275622517905504, 38.670063977762481 ], [ -90.267706225428938, 38.665770077607462 ] ] ] } },
{ "type": "Feature", "properties": { "NHD_NUM": 55, "NHD_NAME": "Kingsway East", "pct_tenant_lawyer_pre": 2.8, "total_filings_pre": 106, "pct_tenant_lawyer_post": 6.8, "total_filings_post": 103 }, "geometry": { "type": "Polygon", "coordinates": [ [ [ -90.244255253031312, 38.673070477379525 ], [ -90.253510568118202, 38.660214067125544 ], [ -90.254435477927188, 38.660622873283366 ], [ -90.255877232503352, 38.661128419680352 ], [ -90.261529084091251, 38.663067512043753 ], [ -90.259770338409723, 38.665516966784637 ], [ -90.257182207364309, 38.668925905674335 ], [ -90.255863542409358, 38.670627267718245 ], [ -90.25182030857637, 38.676367326961582 ], [ -90.244255253031312, 38.673070477379525 ] ] ] } },
{ "type": "Feature", "properties": { "NHD_NUM": 52, "NHD_NAME": "Kingsway West", "pct_tenant_lawyer_pre": 2.4, "total_filings_pre": 83, "pct_tenant_lawyer_post": 5.1, "total_filings_post": 59 }, "geometry": { "type": "Polygon", "coordinates": [ [ [ -90.25182030857637, 38.676367326961582 ], [ -90.255863542409358, 38.670627267718245 ], [ -90.257182207364309, 38.668925905674335 ], [ -90.259770338409723, 38.665516966784637 ], [ -90.261529084091251, 38.663067512043753 ], [ -90.264894825957612, 38.66430498470968 ], [ -90.265684513084508, 38.66468484570462 ], [ -90.267706225428938, 38.665770077607462 ], [ -90.258243659256195, 38.679253758766521 ], [ -90.256156062261468, 38.678252169792088 ], [ -90.253911407571749, 38.677263723648061 ], [ -90.252453728924479, 38.676634088509843 ], [ -90.25182030857637, 38.676367326961582 ] ] ] } },
{ "type": "Feature", "properties": { "NHD_NUM": 2, "NHD_NAME": "Patch", "pct_tenant_lawyer_pre": 0.0, "total_filings_pre": 109, "pct_tenant_lawyer_post": 3.8, "total_filings_post": 80 }, "geometry": { "type": "Polygon", "coordinates": [ [ [ -90.258914838550908, 38.552479120034128 ], [ -90.259280179789741, 38.552157661235654 ], [ -90.255459732261215, 38.549616102752658 ], [ -90.254644876970943, 38.550339550958675 ], [ -90.253671980713676, 38.549711621863921 ], [ -90.251888678632099, 38.548521355084091 ], [ -90.251127752112509, 38.548038730686748 ], [ -90.251825086525955, 38.547185091505504 ], [ -90.252993007294592, 38.543255072439003 ], [ -90.257019473981771, 38.537471521293888 ], [ -90.260216499504452, 38.532981566388074 ], [ -90.261411228731404, 38.533427288550001 ], [ -90.262598717346179, 38.534208650439652 ], [ -90.263075049821694, 38.534047602685639 ], [ -90.263085210276088, 38.534051275515601 ], [ -90.263462343514021, 38.533916579615607 ], [ -90.263709678240545, 38.533832860542176 ], [ -90.264351526023731, 38.533729367904051 ], [ -90.265327172698605, 38.533731327362368 ], [ -90.26691620065543, 38.53423838596283 ], [ -90.268087527926426, 38.535731359097014 ], [ -90.268471303991802, 38.536981559870632 ], [ -90.269110622602781, 38.537675931917434 ], [ -90.270829343895372, 38.538476818556859 ], [ -90.271002878352164, 38.538603252355685 ], [ -90.271016512488231, 38.538625933178118 ], [ -90.271364832928185, 38.539213124625441 ], [ -90.271362081611514, 38.540071013114805 ], [ -90.270505233851651, 38.541627671199038 ], [ -90.270506656801786, 38.541631106434487 ], [ -90.270494946250281, 38.541652364647227 ], [ -90.27110166158262, 38.543000007198209 ], [ -90.271118133033511, 38.543043068392194 ], [ -90.271648689652665, 38.544510228703999 ], [ -90.271544425140661, 38.544775257773829 ], [ -90.271552771767333, 38.544811876891586 ], [ -90.27082292606535, 38.54534706680959 ], [ -90.270312044623864, 38.545743982328972 ], [ -90.267918456513641, 38.547515211817874 ], [ -90.26780055637046, 38.547567398924002 ], [ -90.267101079962671, 38.548242641269205 ], [ -90.262994130836432, 38.551813756012663 ], [ -90.260995916611137, 38.553582236021413 ], [ -90.259136762927653, 38.552611602314684 ], [ -90.258914838550908, 38.552479120034128 ] ] ] } },
{ "type": "Feature", "properties": { "NHD_NUM": 80, "NHD_NAME": "Carondelet Park", "pct_tenant_lawyer_pre": null, "total_filings_pre": 0, "pct_tenant_lawyer_post": null, "total_filings_post": 0 }, "geometry": { "type": "Polygon", "coordinates": [ [ [ -90.259647332342482, 38.562454729604681 ], [ -90.259585289970957, 38.56244405715605 ], [ -90.259486942981354, 38.562402446117098 ], [ -90.259105453391058, 38.562224081470426 ], [ -90.258689693025758, 38.562003301679617 ], [ -90.2554455493337, 38.560305501969637 ], [ -90.255252981522446, 38.560205092262301 ], [ -90.25531309341703, 38.56017591790323 ], [ -90.255385501605858, 38.560140371906073 ], [ -90.255464042214101, 38.560101186419217 ], [ -90.255546366876914, 38.560059950221245 ], [ -90.255636262143639, 38.560013895530687 ], [ -90.255739055943835, 38.559959437949004 ], [ -90.255858187649892, 38.559892630558053 ], [ -90.255997757451851, 38.559811229599674 ], [ -90.256153420428362, 38.55971750523063 ], [ -90.256320171132444, 38.559613286607927 ], [ -90.256492507412972, 38.559501060438841 ], [ -90.256665140887378, 38.559383563455704 ], [ -90.256836598175241, 38.559262191696654 ], [ -90.257004040406784, 38.559138723960181 ], [ -90.25716564578326, 38.559014118647347 ], [ -90.257319623262049, 38.558890430629852 ], [ -90.257465162593505, 38.558769442945561 ], [ -90.257599320331295, 38.558653018001664 ], [ -90.257722960149195, 38.558544342312814 ], [ -90.257832898133103, 38.558444122840797 ], [ -90.257934039013961, 38.558349376970924 ], [ -90.258028769776061, 38.558257582630503 ], [ -90.258121475647656, 38.558164631774581 ], [ -90.258214160657772, 38.55806756187723 ], [ -90.258307768964599, 38.557966401914577 ], [ -90.258401388176893, 38.557861562614292 ], [ -90.258494988042756, 38.557752136705538 ], [ -90.258588038374398, 38.557639524898121 ], [ -90.258678472577316, 38.557524821132539 ], [ -90.258767475676891, 38.557409453984512 ], [ -90.258932871116158, 38.557184407030562 ], [ -90.259071667542685, 38.55698629792132 ], [ -90.259238354135945, 38.556740602697595 ], [ -90.259338723948048, 38.556791883912723 ], [ -90.262314248777969, 38.558353326951661 ], [ -90.27299664828638, 38.563895404540524 ], [ -90.269789311155051, 38.567684512750432 ], [ -90.265195124556456, 38.565290008093633 ], [ -90.261718324026305, 38.56344042130528 ], [ -90.259647332342482, 38.562454729604681 ] ] ] } },
{ "type": "Feature", "properties": { "NHD_NUM": 1, "NHD_NAME": "Carondelet", "pct_tenant_lawyer_pre": 2.3, "total_filings_pre": 306, "pct_tenant_lawyer_post": 3.3, "total_filings_post": 183 }, "geometry": { "type": "Polygon", "coordinates": [ [ [ -90.244184692749997, 38.566597096517427 ], [ -90.242097833525946, 38.565532991946867 ], [ -90.241386626919592, 38.565129828500048 ], [ -90.240135704307662, 38.564482665744791 ], [ -90.238456301038497, 38.563613237607051 ], [ -90.239818712037618, 38.561878306182827 ], [ -90.251127752112509, 38.548038730686748 ], [ -90.251888678632099, 38.548521355084091 ], [ -90.253671980713676, 38.549711621863921 ], [ -90.254644876970943, 38.550339550958675 ], [ -90.255459732261215, 38.549616102752658 ], [ -90.259280179789741, 38.552157661235654 ], [ -90.258914838550908, 38.552479120034128 ], [ -90.259136762927653, 38.552611602314684 ], [ -90.260995916611137, 38.553582236021413 ], [ -90.262994130836432, 38.551813756012663 ], [ -90.267101079962671, 38.548242641269205 ], [ -90.26780055637046, 38.547567398924002 ], [ -90.267918456513641, 38.547515211817874 ], [ -90.270312044623864, 38.545743982328972 ], [ -90.27082292606535, 38.54534706680959 ], [ -90.271552771767333, 38.544811876891586 ], [ -90.271781903562271, 38.545783488348427 ], [ -90.272215421220693, 38.546908830849503 ], [ -90.272236225265601, 38.546964476904776 ], [ -90.272214504063385, 38.5476541097566 ], [ -90.272216792466949, 38.547671276423209 ], [ -90.272216783025527, 38.547674269206695 ], [ -90.272275179491871, 38.548183511358225 ], [ -90.272374913503725, 38.548435647486599 ], [ -90.272701329553115, 38.548602000160216 ], [ -90.272246640458363, 38.54863999951521 ], [ -90.271554712950888, 38.54869628854086 ], [ -90.270829632696987, 38.55312668329406 ], [ -90.268109987731734, 38.553365690632759 ], [ -90.267513864509695, 38.553877316553091 ], [ -90.2652614276316, 38.555776949466932 ], [ -90.263768326551499, 38.557061799272454 ], [ -90.262314248777969, 38.558353326951661 ], [ -90.259338723948048, 38.556791883912723 ], [ -90.259238354135945, 38.556740602697595 ], [ -90.259071667542685, 38.55698629792132 ], [ -90.258932871116158, 38.557184407030562 ], [ -90.258767475676891, 38.557409453984512 ], [ -90.258678472577316, 38.557524821132539 ], [ -90.258588038374398, 38.557639524898121 ], [ -90.258494988042756, 38.557752136705538 ], [ -90.258401388176893, 38.557861562614292 ], [ -90.258307768964599, 38.557966401914577 ], [ -90.258214160657772, 38.55806756187723 ], [ -90.258121475647656, 38.558164631774581 ], [ -90.258028769776061, 38.558257582630503 ], [ -90.257934039013961, 38.558349376970924 ], [ -90.257832898133103, 38.558444122840797 ], [ -90.257722960149195, 38.558544342312814 ], [ -90.257599320331295, 38.558653018001664 ], [ -90.257465162593505, 38.558769442945561 ], [ -90.257319623262049, 38.558890430629852 ], [ -90.25716564578326, 38.559014118647347 ], [ -90.257004040406784, 38.559138723960181 ], [ -90.256836598175241, 38.559262191696654 ], [ -90.256665140887378, 38.559383563455704 ], [ -90.256492507412972, 38.559501060438841 ], [ -90.256320171132444, 38.559613286607927 ], [ -90.256153420428362, 38.55971750523063 ], [ -90.255997757451851, 38.559811229599674 ], [ -90.255858187649892, 38.559892630558053 ], [ -90.255739055943835, 38.559959437949004 ], [ -90.255636262143639, 38.560013895530687 ], [ -90.255546366876914, 38.560059950221245 ], [ -90.255464042214101, 38.560101186419217 ], [ -90.255385501605858, 38.560140371906073 ], [ -90.25531309341703, 38.56017591790323 ], [ -90.255252981522446, 38.560205092262301 ], [ -90.2554455493337, 38.560305501969637 ], [ -90.258689693025758, 38.562003301679617 ], [ -90.259105453391058, 38.562224081470426 ], [ -90.259486942981354, 38.562402446117098 ], [ -90.259585289970957, 38.56244405715605 ], [ -90.259647332342482, 38.562454729604681 ], [ -90.251838359943463, 38.571558916055181 ], [ -90.245071867886153, 38.568016874983087 ], [ -90.245349642255619, 38.567186609993158 ], [ -90.244184692749997, 38.566597096517427 ] ] ] } },
{ "type": "Feature", "properties": { "NHD_NUM": 3, "NHD_NAME": "Holly Hills", "pct_tenant_lawyer_pre": 4.8, "total_filings_pre": 42, "pct_tenant_lawyer_post": 0.0, "total_filings_post": 29 }, "geometry": { "type": "Polygon", "coordinates": [ [ [ -90.251838359943463, 38.571558916055181 ], [ -90.259647332342482, 38.562454729604681 ], [ -90.261718324026305, 38.56344042130528 ], [ -90.265195124556456, 38.565290008093633 ], [ -90.269789311155051, 38.567684512750432 ], [ -90.269762745636413, 38.567789026223643 ], [ -90.269711841343877, 38.567848238677612 ], [ -90.268584533999842, 38.56918647869545 ], [ -90.268421634717839, 38.569353905970104 ], [ -90.267713755361285, 38.569945629067171 ], [ -90.267456517484902, 38.569809632852952 ], [ -90.266794302400243, 38.570434859023322 ], [ -90.266725214727373, 38.570523744701923 ], [ -90.264186087145532, 38.573747425046264 ], [ -90.25901771632978, 38.571017202640803 ], [ -90.258397113182511, 38.570681164289432 ], [ -90.257287314541031, 38.572790722386749 ], [ -90.257035614668638, 38.573266868848386 ], [ -90.256648330586685, 38.574002445100085 ], [ -90.256126578846306, 38.573734288507659 ], [ -90.256073343000367, 38.573795961261645 ], [ -90.251838359943463, 38.571558916055181 ] ] ] } },
{ "type": "Feature", "properties": { "NHD_NUM": 4, "NHD_NAME": "Boulevard Heights", "pct_tenant_lawyer_pre": 2.0, "total_filings_pre": 49, "pct_tenant_lawyer_post": 18.2, "total_filings_post": 22 }, "geometry": { "type": "Polygon", "coordinates": [ [ [ -90.269762745636413, 38.567789026223643 ], [ -90.269789311155051, 38.567684512750432 ], [ -90.27299664828638, 38.563895404540524 ], [ -90.262314248777969, 38.558353326951661 ], [ -90.263768326551499, 38.557061799272454 ], [ -90.2652614276316, 38.555776949466932 ], [ -90.267513864509695, 38.553877316553091 ], [ -90.268109987731734, 38.553365690632759 ], [ -90.270829632696987, 38.55312668329406 ], [ -90.271554712950888, 38.54869628854086 ], [ -90.272246640458363, 38.54863999951521 ], [ -90.272701329553115, 38.548602000160216 ], [ -90.274126576886701, 38.549328757890628 ], [ -90.27798672052738, 38.550554029603212 ], [ -90.280134722593118, 38.551954430929456 ], [ -90.280908878807949, 38.552373048108912 ], [ -90.281564934967278, 38.552728282954234 ], [ -90.28401518745062, 38.554053908536638 ], [ -90.287127085610507, 38.555477703095384 ], [ -90.289717116851733, 38.557002298482494 ], [ -90.290081500297433, 38.557271588921076 ], [ -90.292418622152397, 38.559032536529152 ], [ -90.294087729578052, 38.560232748000303 ], [ -90.296925092049364, 38.562329930039226 ], [ -90.297003839805569, 38.562409012635179 ], [ -90.296511511928131, 38.562733086077372 ], [ -90.295875303851076, 38.563141592278726 ], [ -90.294170765672703, 38.564311816480853 ], [ -90.289155692360637, 38.567297352046296 ], [ -90.286540600263052, 38.568874279798813 ], [ -90.285868063985916, 38.569406205300005 ], [ -90.283796834045972, 38.571344031936917 ], [ -90.282132019861848, 38.572828809467779 ], [ -90.279663971003146, 38.574350031072143 ], [ -90.277147430780829, 38.575874759161337 ], [ -90.275399502866065, 38.573945301467333 ], [ -90.27739112672208, 38.571740677119408 ], [ -90.277326739214431, 38.571636428630548 ], [ -90.269883598425096, 38.567730912534387 ], [ -90.269762745636413, 38.567789026223643 ] ] ] } },
{ "type": "Feature", "properties": { "NHD_NUM": 17, "NHD_NAME": "Mount Pleasant", "pct_tenant_lawyer_pre": 1.7, "total_filings_pre": 181, "pct_tenant_lawyer_post": 2.8, "total_filings_post": 143 }, "geometry": { "type": "Polygon", "coordinates": [ [ [ -90.228444068055893, 38.578961177884786 ], [ -90.224857670770689, 38.577105194366375 ], [ -90.229515517849308, 38.573970570939615 ], [ -90.232791952580868, 38.570898737106567 ], [ -90.235557903664656, 38.567303680520226 ], [ -90.238456301038497, 38.563613237607051 ], [ -90.240135704307662, 38.564482665744791 ], [ -90.241386626919592, 38.565129828500048 ], [ -90.242097833525946, 38.565532991946867 ], [ -90.244184692749997, 38.566597096517427 ], [ -90.242215064978538, 38.569420882898704 ], [ -90.242099606655188, 38.56966526522033 ], [ -90.242078460336998, 38.569710060015097 ], [ -90.239803629219139, 38.580394606710712 ], [ -90.228444068055893, 38.578961177884786 ] ] ] } },
{ "type": "Feature", "properties": { "NHD_NUM": 6, "NHD_NAME": "Princeton Heights", "pct_tenant_lawyer_pre": 3.8, "total_filings_pre": 52, "pct_tenant_lawyer_post": 2.6, "total_filings_post": 39 }, "geometry": { "type": "Polygon", "coordinates": [ [ [ -90.277110325682742, 38.575919965010613 ], [ -90.277157354772143, 38.575892841988093 ], [ -90.279673894270829, 38.574368113689324 ], [ -90.28214194354176, 38.572846891881646 ], [ -90.283806757941377, 38.571362114214871 ], [ -90.285877989284543, 38.569424287411195 ], [ -90.286550524510417, 38.568892361852818 ], [ -90.289165617049321, 38.567315433884723 ], [ -90.294180691212816, 38.564329897905701 ], [ -90.29425537147749, 38.564412627425192 ], [ -90.294329995277252, 38.564514825274784 ], [ -90.294436982717556, 38.564711102476743 ], [ -90.294656841449196, 38.565175361512679 ], [ -90.29480284928988, 38.565487063596599 ], [ -90.295006563617221, 38.565898626938022 ], [ -90.295122149770933, 38.566147777099069 ], [ -90.295279517471982, 38.566463397521716 ], [ -90.295494536804327, 38.566898786930473 ], [ -90.295572781024987, 38.567057969557034 ], [ -90.295867822805164, 38.567656415074055 ], [ -90.29605994864697, 38.568051480558765 ], [ -90.2961697055229, 38.568299026652298 ], [ -90.296247299209369, 38.56859047970925 ], [ -90.296291053322676, 38.568888711653088 ], [ -90.296275547464404, 38.569412721458171 ], [ -90.296244979207728, 38.569709011393087 ], [ -90.296184347584116, 38.570012113825264 ], [ -90.295999375011448, 38.571105366712771 ], [ -90.295805634180425, 38.571895641877468 ], [ -90.29524121282094, 38.572750953406405 ], [ -90.295007346837849, 38.573194014829461 ], [ -90.294887926631517, 38.573563821469889 ], [ -90.294784647345367, 38.574112364168094 ], [ -90.293333366546733, 38.582093951875514 ], [ -90.2920418283028, 38.582323696131567 ], [ -90.291827830994166, 38.58232606166024 ], [ -90.278870879113299, 38.580984136705347 ], [ -90.277068919559483, 38.584303117985812 ], [ -90.277093213718629, 38.584366101894943 ], [ -90.277060262055485, 38.584455282094929 ], [ -90.276971485261441, 38.584598121515484 ], [ -90.276914686217481, 38.584683137320958 ], [ -90.276860996779504, 38.584792872459353 ], [ -90.276789096443906, 38.584941922263809 ], [ -90.276627575900505, 38.58522354021823 ], [ -90.276596092538071, 38.585042248295196 ], [ -90.276617943911532, 38.584764043161691 ], [ -90.276607612026993, 38.584609784300362 ], [ -90.276598350864504, 38.583928772375884 ], [ -90.276641207366524, 38.583838704896863 ], [ -90.276647484939872, 38.583314214864849 ], [ -90.276609670685005, 38.582725576862408 ], [ -90.276599924643534, 38.582573845183973 ], [ -90.276535758866416, 38.582214937226333 ], [ -90.276414913028432, 38.581892277610734 ], [ -90.276247086549105, 38.581491021957135 ], [ -90.27602775008657, 38.580959262417707 ], [ -90.275938786516377, 38.580701192814338 ], [ -90.275843767736049, 38.580320697428341 ], [ -90.275780178221808, 38.579766828336496 ], [ -90.275776070394116, 38.578837729827903 ], [ -90.275765499869621, 38.576713006740604 ], [ -90.277110325682742, 38.575919965010613 ] ] ] } },
{ "type": "Feature", "properties": { "NHD_NUM": 8, "NHD_NAME": "St. Louis Hills", "pct_tenant_lawyer_pre": 0.0, "total_filings_pre": 30, "pct_tenant_lawyer_post": 6.2, "total_filings_post": 16 }, "geometry": { "type": "MultiPolygon", "coordinates": [ [ [ [ -90.294263517445216, 38.593412691559976 ], [ -90.29438076438467, 38.592983350859903 ], [ -90.29449069240448, 38.592383555547769 ], [ -90.294548668037962, 38.591585742677758 ], [ -90.294537773576721, 38.59069397943189 ], [ -90.294439202359754, 38.589790144119071 ], [ -90.294413250075934, 38.589480714128662 ], [ -90.294363546466229, 38.589218855723615 ], [ -90.294317964690975, 38.589069808616202 ], [ -90.294222657221738, 38.588850404960667 ], [ -90.294083943815338, 38.588627300549916 ], [ -90.293914830070037, 38.588428141454429 ], [ -90.293765365364848, 38.588282535460657 ], [ -90.29362110988427, 38.588163079806769 ], [ -90.293095465048225, 38.587851174475901 ], [ -90.292893519572459, 38.58771969794369 ], [ -90.29279058636773, 38.587624094467877 ], [ -90.292666807596376, 38.587477873970464 ], [ -90.292462089557162, 38.587191713027707 ], [ -90.293323438794957, 38.582075870427595 ], [ -90.294774720318799, 38.574094282820617 ], [ -90.294877999653892, 38.573545740129596 ], [ -90.294997419880715, 38.573175933498213 ], [ -90.295231285865569, 38.572732872093638 ], [ -90.295795707200114, 38.571877560609842 ], [ -90.295989448090353, 38.571087285459285 ], [ -90.296174420765794, 38.569994032584383 ], [ -90.297010155046678, 38.570495467476867 ], [ -90.299114290104512, 38.57166500031812 ], [ -90.300112842810705, 38.572208156197561 ], [ -90.300655442192564, 38.572582063193671 ], [ -90.301401595538167, 38.573232748981177 ], [ -90.301642781753898, 38.573510086509849 ], [ -90.301952121477399, 38.573909899099064 ], [ -90.302249344951491, 38.574367382207328 ], [ -90.302456569393556, 38.574811669448842 ], [ -90.305723262647362, 38.575167492337442 ], [ -90.305767273392362, 38.575281989563777 ], [ -90.306135475527313, 38.57624302216378 ], [ -90.306718318046364, 38.576412175896657 ], [ -90.307218533026003, 38.576413687296821 ], [ -90.307808577394312, 38.576192235380248 ], [ -90.308631441182769, 38.577950083703811 ], [ -90.308590945961782, 38.57805071192054 ], [ -90.308585354490532, 38.578180448508952 ], [ -90.308625834186287, 38.578415292683879 ], [ -90.308542575324694, 38.578811945929431 ], [ -90.308761489627528, 38.579365859557086 ], [ -90.308973837099529, 38.579428676460061 ], [ -90.309371662389267, 38.579463896151879 ], [ -90.309602939881643, 38.579975705846174 ], [ -90.309789190413809, 38.579986992426292 ], [ -90.309580105611886, 38.580237219535078 ], [ -90.309470249691799, 38.580546399596479 ], [ -90.3094642604554, 38.580708180503777 ], [ -90.309518122863295, 38.580950598293178 ], [ -90.309766799868925, 38.582494031686039 ], [ -90.309944437378363, 38.582788822258316 ], [ -90.310137318390289, 38.58294197456167 ], [ -90.310360993584524, 38.583025182920608 ], [ -90.310597698410277, 38.583142982121238 ], [ -90.310655301079606, 38.583308519050981 ], [ -90.310766139878226, 38.583837759114765 ], [ -90.310938742151038, 38.58449475792515 ], [ -90.311326168862138, 38.585279625066399 ], [ -90.311740906952991, 38.585884153310786 ], [ -90.312115547631322, 38.586319081045907 ], [ -90.312503899941859, 38.586648530744341 ], [ -90.313069503207629, 38.586987900173597 ], [ -90.312488931478995, 38.587359513556407 ], [ -90.31179589822051, 38.587708947819763 ], [ -90.300177055618789, 38.593256368907419 ], [ -90.299453874934628, 38.593597248454657 ], [ -90.299147686303868, 38.593711119273735 ], [ -90.298808996369075, 38.593773694010345 ], [ -90.298454382101028, 38.593799637804381 ], [ -90.29827241928588, 38.593807342288194 ], [ -90.297824972030952, 38.593761262285867 ], [ -90.294263517445216, 38.593412691559976 ] ] ], [ [ [ -90.310389501152827, 38.575655520097861 ], [ -90.313579147633121, 38.578782840830293 ], [ -90.314076524826177, 38.579891621845476 ], [ -90.316242966228415, 38.584722496972034 ], [ -90.31590123388024, 38.584970907031952 ], [ -90.314715382177496, 38.585821898251154 ], [ -90.314619114817802, 38.585735935251748 ], [ -90.314222914624267, 38.585395002614533 ], [ -90.314055426340076, 38.585225174061279 ], [ -90.313716618710799, 38.584784598689694 ], [ -90.313574622523362, 38.584566069593393 ], [ -90.313050651922254, 38.583585123794336 ], [ -90.312926591090545, 38.583197308521555 ], [ -90.312683125265877, 38.581775206250533 ], [ -90.312651363754341, 38.581545155021665 ], [ -90.312637929584739, 38.581208974782115 ], [ -90.312601198262314, 38.580535692145546 ], [ -90.31259648240335, 38.580452180257872 ], [ -90.312661333447537, 38.580063952401467 ], [ -90.312698039876693, 38.579844554807664 ], [ -90.312699412785591, 38.579423740667792 ], [ -90.312537804934536, 38.579353021719399 ], [ -90.311060819948935, 38.578425921485923 ], [ -90.310703296900797, 38.578137925387161 ], [ -90.310412316046552, 38.577821643235197 ], [ -90.310319643209311, 38.577705010394247 ], [ -90.309475666946412, 38.576641891699119 ], [ -90.309057480412235, 38.57592654995652 ], [ -90.309085811595182, 38.575583792088452 ], [ -90.309090895487117, 38.575526602250868 ], [ -90.310389501152827, 38.575655520097861 ] ] ] ] } },
{ "type": "Feature", "properties": { "NHD_NUM": 88, "NHD_NAME": "Willmore Park", "pct_tenant_lawyer_pre": null, "total_filings_pre": 0, "pct_tenant_lawyer_post": null, "total_filings_post": 0 }, "geometry": { "type": "Polygon", "coordinates": [ [ [ -90.296174420765794, 38.569994032584383 ], [ -90.296235052415568, 38.569690930156483 ], [ -90.296265619557488, 38.569394640221311 ], [ -90.296281125483389, 38.568870630416129 ], [ -90.29623737256928, 38.568572398469797 ], [ -90.296159778942055, 38.568280945405526 ], [ -90.296050022127446, 38.568033399302074 ], [ -90.295857896387787, 38.567638333800147 ], [ -90.295562854763304, 38.567039888256666 ], [ -90.295484610584012, 38.566880705623092 ], [ -90.295269591365042, 38.566445316195079 ], [ -90.295112223746528, 38.566129695758335 ], [ -90.294996637655842, 38.565880545586907 ], [ -90.29479292343575, 38.565468982227245 ], [ -90.294646915674249, 38.565157280130208 ], [ -90.294427057061142, 38.564693021074511 ], [ -90.294320069674441, 38.56449674386301 ], [ -90.294245445907336, 38.564394546006852 ], [ -90.294170765672703, 38.564311816480853 ], [ -90.295875303851076, 38.563141592278726 ], [ -90.296511511928131, 38.562733086077372 ], [ -90.297003839805569, 38.562409012635179 ], [ -90.300712379680093, 38.566139418544637 ], [ -90.301800011345136, 38.567233468048997 ], [ -90.307737078769264, 38.5730552834534 ], [ -90.310389501152827, 38.575655520097861 ], [ -90.309090895487117, 38.575526602250868 ], [ -90.309085811595182, 38.575583792088452 ], [ -90.309057480412235, 38.57592654995652 ], [ -90.309475666946412, 38.576641891699119 ], [ -90.310319643209311, 38.577705010394247 ], [ -90.310412316046552, 38.577821643235197 ], [ -90.310703296900797, 38.578137925387161 ], [ -90.311060819948935, 38.578425921485923 ], [ -90.312537804934536, 38.579353021719399 ], [ -90.312699412785591, 38.579423740667792 ], [ -90.312698039876693, 38.579844554807664 ], [ -90.312661333447537, 38.580063952401467 ], [ -90.31259648240335, 38.580452180257872 ], [ -90.312601198262314, 38.580535692145546 ], [ -90.312637929584739, 38.581208974782115 ], [ -90.312651363754341, 38.581545155021665 ], [ -90.312683125265877, 38.581775206250533 ], [ -90.312926591090545, 38.583197308521555 ], [ -90.313050651922254, 38.583585123794336 ], [ -90.313574622523362, 38.584566069593393 ], [ -90.313716618710799, 38.584784598689694 ], [ -90.314055426340076, 38.585225174061279 ], [ -90.314222914624267, 38.585395002614533 ], [ -90.314619114817802, 38.585735935251748 ], [ -90.314715382177496, 38.585821898251154 ], [ -90.313069503207629, 38.586987900173597 ], [ -90.312503899941859, 38.586648530744341 ], [ -90.312115547631322, 38.586319081045907 ], [ -90.311740906952991, 38.585884153310786 ], [ -90.311326168862138, 38.585279625066399 ], [ -90.310938742151038, 38.58449475792515 ], [ -90.310766139878226, 38.583837759114765 ], [ -90.310655301079606, 38.583308519050981 ], [ -90.310597698410277, 38.583142982121238 ], [ -90.310360993584524, 38.583025182920608 ], [ -90.310137318390289, 38.58294197456167 ], [ -90.309944437378363, 38.582788822258316 ], [ -90.309766799868925, 38.582494031686039 ], [ -90.309518122863295, 38.580950598293178 ], [ -90.3094642604554, 38.580708180503777 ], [ -90.309470249691799, 38.580546399596479 ], [ -90.309580105611886, 38.580237219535078 ], [ -90.309789190413809, 38.579986992426292 ], [ -90.309602939881643, 38.579975705846174 ], [ -90.309371662389267, 38.579463896151879 ], [ -90.308973837099529, 38.579428676460061 ], [ -90.308761489627528, 38.579365859557086 ], [ -90.308542575324694, 38.578811945929431 ], [ -90.308625834186287, 38.578415292683879 ], [ -90.308585354490532, 38.578180448508952 ], [ -90.308590945961782, 38.57805071192054 ], [ -90.308631441182769, 38.577950083703811 ], [ -90.307808577394312, 38.576192235380248 ], [ -90.307218533026003, 38.576413687296821 ], [ -90.306718318046364, 38.576412175896657 ], [ -90.306135475527313, 38.57624302216378 ], [ -90.305767273392362, 38.575281989563777 ], [ -90.305723262647362, 38.575167492337442 ], [ -90.302456569393556, 38.574811669448842 ], [ -90.302249344951491, 38.574367382207328 ], [ -90.301952121477399, 38.573909899099064 ], [ -90.301642781753898, 38.573510086509849 ], [ -90.301401595538167, 38.573232748981177 ], [ -90.300655442192564, 38.572582063193671 ], [ -90.300112842810705, 38.572208156197561 ], [ -90.299114290104512, 38.57166500031812 ], [ -90.297010155046678, 38.570495467476867 ], [ -90.296174420765794, 38.569994032584383 ] ] ] } },
{ "type": "Feature", "properties": { "NHD_NUM": 16, "NHD_NAME": "Dutchtown", "pct_tenant_lawyer_pre": 2.7, "total_filings_pre": 562, "pct_tenant_lawyer_post": 1.9, "total_filings_post": 472 }, "geometry": { "type": "Polygon", "coordinates": [ [ [ -90.244512438915876, 38.588395119475841 ], [ -90.244513858413967, 38.588320076056291 ], [ -90.226928373649741, 38.586134224134071 ], [ -90.227013669945364, 38.586087275564203 ], [ -90.227104208491085, 38.585588659096409 ], [ -90.227131121376772, 38.585410455025361 ], [ -90.227142907723334, 38.585069299237759 ], [ -90.228444068055893, 38.578961177884786 ], [ -90.239803629219139, 38.580394606710712 ], [ -90.242078460336998, 38.569710060015097 ], [ -90.242099606655188, 38.56966526522033 ], [ -90.242215064978538, 38.569420882898704 ], [ -90.244184692749997, 38.566597096517427 ], [ -90.245349642255619, 38.567186609993158 ], [ -90.245071867886153, 38.568016874983087 ], [ -90.251838359943463, 38.571558916055181 ], [ -90.256073343000367, 38.573795961261645 ], [ -90.256126578846306, 38.573734288507659 ], [ -90.256648330586685, 38.574002445100085 ], [ -90.256508388340748, 38.574269197757587 ], [ -90.255937138034938, 38.575366166366443 ], [ -90.255873928407084, 38.575521619830141 ], [ -90.255828928186432, 38.575640068973961 ], [ -90.255783871294085, 38.575775212540314 ], [ -90.255746667659565, 38.575915397688661 ], [ -90.255719058498286, 38.576062935262421 ], [ -90.25570102601047, 38.576223095489901 ], [ -90.255693434048524, 38.576399039630239 ], [ -90.255697725945126, 38.576587859892122 ], [ -90.255713959631009, 38.576783323074437 ], [ -90.255743910973294, 38.576977194157244 ], [ -90.255830001415376, 38.577379188177062 ], [ -90.25589454105021, 38.577606797036324 ], [ -90.255977505024958, 38.577899412576947 ], [ -90.256085809014436, 38.578281324778068 ], [ -90.25620133589878, 38.578689558139949 ], [ -90.25630790393798, 38.579068280893694 ], [ -90.256510125179247, 38.579785640380955 ], [ -90.256539227289537, 38.579890046579642 ], [ -90.25658789781636, 38.580063142826248 ], [ -90.256622525976837, 38.580168000129845 ], [ -90.256654583781142, 38.580257089959389 ], [ -90.256700540308046, 38.580374107691036 ], [ -90.25676302534653, 38.58051727409228 ], [ -90.256841493798817, 38.580682193420479 ], [ -90.256936736999307, 38.580862964599511 ], [ -90.257046290194978, 38.581053348255075 ], [ -90.257163434948893, 38.581243748453929 ], [ -90.25727680457203, 38.581423156049574 ], [ -90.257379469652378, 38.581582166628429 ], [ -90.257568275892027, 38.58187225516749 ], [ -90.257690686906301, 38.58205785943138 ], [ -90.257847903461979, 38.582296862436486 ], [ -90.258052072218746, 38.582607576475738 ], [ -90.258268176694955, 38.582937563382458 ], [ -90.258465975674412, 38.583240025703404 ], [ -90.258833752417644, 38.583806447965031 ], [ -90.258873447224943, 38.583872871867548 ], [ -90.258993443240755, 38.5840818101994 ], [ -90.259069924621159, 38.584226816713212 ], [ -90.259147233076575, 38.584385800503235 ], [ -90.259220454297505, 38.584553481205276 ], [ -90.259288661042106, 38.58472499567511 ], [ -90.259348754813757, 38.584895368198602 ], [ -90.259399807387126, 38.585060009509093 ], [ -90.259441837096986, 38.585213401658322 ], [ -90.259474049805419, 38.585352385378563 ], [ -90.259498112232222, 38.585480340667985 ], [ -90.259517509672392, 38.585601201706105 ], [ -90.259545580504863, 38.585838563912404 ], [ -90.259554925096978, 38.585921400821306 ], [ -90.259559639420303, 38.586081361262174 ], [ -90.259563988869047, 38.586340422377063 ], [ -90.259566253494881, 38.58654247310897 ], [ -90.259573546930127, 38.587146156028254 ], [ -90.25957755476368, 38.587518019549542 ], [ -90.259577127625164, 38.587908408997038 ], [ -90.259587225445827, 38.588552352323198 ], [ -90.259587894898814, 38.588613890379115 ], [ -90.259590258619667, 38.588691935449205 ], [ -90.259592852983019, 38.588795133138667 ], [ -90.259595101532142, 38.588907721067322 ], [ -90.259597359243486, 38.589017563078272 ], [ -90.259600773977269, 38.589126720980104 ], [ -90.259607394266041, 38.589239785447219 ], [ -90.25961808407466, 38.589359969951296 ], [ -90.259633099869376, 38.589484034490901 ], [ -90.259649914024919, 38.589603736972308 ], [ -90.25966878509476, 38.589715205870696 ], [ -90.25968823998862, 38.589819591309023 ], [ -90.259717516353263, 38.589958321980873 ], [ -90.244512438915876, 38.588395119475841 ] ] ] } },
{ "type": "Feature", "properties": { "NHD_NUM": 5, "NHD_NAME": "Bevo Mill", "pct_tenant_lawyer_pre": 3.0, "total_filings_pre": 202, "pct_tenant_lawyer_post": 3.6, "total_filings_post": 139 }, "geometry": { "type": "Polygon", "coordinates": [ [ [ -90.259717516353263, 38.589958321980873 ], [ -90.25968823998862, 38.589819591309023 ], [ -90.25966878509476, 38.589715205870696 ], [ -90.259649914024919, 38.589603736972308 ], [ -90.259633099869376, 38.589484034490901 ], [ -90.25961808407466, 38.589359969951296 ], [ -90.259607394266041, 38.589239785447219 ], [ -90.259600773977269, 38.589126720980104 ], [ -90.259597359243486, 38.589017563078272 ], [ -90.259595101532142, 38.588907721067322 ], [ -90.259592852983019, 38.588795133138667 ], [ -90.259590258619667, 38.588691935449205 ], [ -90.259587894898814, 38.588613890379115 ], [ -90.259587225445827, 38.588552352323198 ], [ -90.259577127625164, 38.587908408997038 ], [ -90.25957755476368, 38.587518019549542 ], [ -90.259573546930127, 38.587146156028254 ], [ -90.259566253494881, 38.58654247310897 ], [ -90.259563988869047, 38.586340422377063 ], [ -90.259559639420303, 38.586081361262174 ], [ -90.259554925096978, 38.585921400821306 ], [ -90.259545580504863, 38.585838563912404 ], [ -90.259517509672392, 38.585601201706105 ], [ -90.259498112232222, 38.585480340667985 ], [ -90.259474049805419, 38.585352385378563 ], [ -90.259441837096986, 38.585213401658322 ], [ -90.259399807387126, 38.585060009509093 ], [ -90.259348754813757, 38.584895368198602 ], [ -90.259288661042106, 38.58472499567511 ], [ -90.259220454297505, 38.584553481205276 ], [ -90.259147233076575, 38.584385800503235 ], [ -90.259069924621159, 38.584226816713212 ], [ -90.258993443240755, 38.5840818101994 ], [ -90.258873447224943, 38.583872871867548 ], [ -90.258833752417644, 38.583806447965031 ], [ -90.258465975674412, 38.583240025703404 ], [ -90.258268176694955, 38.582937563382458 ], [ -90.258052072218746, 38.582607576475738 ], [ -90.257847903461979, 38.582296862436486 ], [ -90.257690686906301, 38.58205785943138 ], [ -90.257568275892027, 38.58187225516749 ], [ -90.257379469652378, 38.581582166628429 ], [ -90.25727680457203, 38.581423156049574 ], [ -90.257163434948893, 38.581243748453929 ], [ -90.257046290194978, 38.581053348255075 ], [ -90.256936736999307, 38.580862964599511 ], [ -90.256841493798817, 38.580682193420479 ], [ -90.25676302534653, 38.58051727409228 ], [ -90.256700540308046, 38.580374107691036 ], [ -90.256654583781142, 38.580257089959389 ], [ -90.256622525976837, 38.580168000129845 ], [ -90.25658789781636, 38.580063142826248 ], [ -90.256539227289537, 38.579890046579642 ], [ -90.256510125179247, 38.579785640380955 ], [ -90.25630790393798, 38.579068280893694 ], [ -90.25620133589878, 38.578689558139949 ], [ -90.256085809014436, 38.578281324778068 ], [ -90.255977505024958, 38.577899412576947 ], [ -90.25589454105021, 38.577606797036324 ], [ -90.255830001415376, 38.577379188177062 ], [ -90.255743910973294, 38.576977194157244 ], [ -90.255713959631009, 38.576783323074437 ], [ -90.255697725945126, 38.576587859892122 ], [ -90.255693434048524, 38.576399039630239 ], [ -90.25570102601047, 38.576223095489901 ], [ -90.255719058498286, 38.576062935262421 ], [ -90.255746667659565, 38.575915397688661 ], [ -90.255783871294085, 38.575775212540314 ], [ -90.255828928186432, 38.575640068973961 ], [ -90.255873928407084, 38.575521619830141 ], [ -90.255937138034938, 38.575366166366443 ], [ -90.256508388340748, 38.574269197757587 ], [ -90.256648330586685, 38.574002445100085 ], [ -90.257035614668638, 38.573266868848386 ], [ -90.257287314541031, 38.572790722386749 ], [ -90.258397113182511, 38.570681164289432 ], [ -90.25901771632978, 38.571017202640803 ], [ -90.264186087145532, 38.573747425046264 ], [ -90.266725214727373, 38.570523744701923 ], [ -90.266794302400243, 38.570434859023322 ], [ -90.267456517484902, 38.569809632852952 ], [ -90.267713755361285, 38.569945629067171 ], [ -90.268421634717839, 38.569353905970104 ], [ -90.268584533999842, 38.56918647869545 ], [ -90.269711841343877, 38.567848238677612 ], [ -90.269762745636413, 38.567789026223643 ], [ -90.269883598425096, 38.567730912534387 ], [ -90.277326739214431, 38.571636428630548 ], [ -90.27739112672208, 38.571740677119408 ], [ -90.275399502866065, 38.573945301467333 ], [ -90.277147430780829, 38.575874759161337 ], [ -90.277100402847154, 38.575901882182166 ], [ -90.275755577263624, 38.57669492380132 ], [ -90.275766147495773, 38.578819646895198 ], [ -90.275770255195738, 38.579748745406633 ], [ -90.275833844618489, 38.580302614505264 ], [ -90.27592886332306, 38.580683109900292 ], [ -90.276017826835712, 38.580941179511839 ], [ -90.276237162022923, 38.581472939068902 ], [ -90.2764049895531, 38.581874194739868 ], [ -90.276525835316718, 38.582196854366479 ], [ -90.276590001028765, 38.5825557623305 ], [ -90.276599747047101, 38.582707494010165 ], [ -90.276637560064458, 38.583296132015178 ], [ -90.276631282421121, 38.583820622048044 ], [ -90.276588427065349, 38.583910689525887 ], [ -90.276597688132611, 38.584591701452979 ], [ -90.276608019993517, 38.584745960315601 ], [ -90.276586167439831, 38.585024165445823 ], [ -90.276617651917391, 38.585205457374187 ], [ -90.276265132938207, 38.587182796061043 ], [ -90.276238383529602, 38.587257351857851 ], [ -90.276162219886032, 38.587369790492012 ], [ -90.273327669886598, 38.591458858082731 ], [ -90.273300097270692, 38.591498044143606 ], [ -90.273088052652042, 38.591453975759563 ], [ -90.269780882684401, 38.5910813736769 ], [ -90.264036277054572, 38.590435098647063 ], [ -90.261930478215319, 38.590221209847911 ], [ -90.261731489135116, 38.590173876289789 ], [ -90.261615529270586, 38.590146180820831 ], [ -90.259717516353263, 38.589958321980873 ] ] ] } },
{ "type": "Feature", "properties": { "NHD_NUM": 7, "NHD_NAME": "Southampton", "pct_tenant_lawyer_pre": 0.0, "total_filings_pre": 40, "pct_tenant_lawyer_post": 2.7, "total_filings_post": 37 }, "geometry": { "type": "Polygon", "coordinates": [ [ [ -90.273327669886598, 38.591458858082731 ], [ -90.276162219886032, 38.587369790492012 ], [ -90.276238383529602, 38.587257351857851 ], [ -90.276265132938207, 38.587182796061043 ], [ -90.276617651917391, 38.585205457374187 ], [ -90.276779172458632, 38.58492383943257 ], [ -90.276851071648721, 38.584774789631595 ], [ -90.276904762235958, 38.584665054499588 ], [ -90.276961560129479, 38.584580038696458 ], [ -90.277050336920709, 38.584437199283002 ], [ -90.277083288587747, 38.584348019085553 ], [ -90.27705899444328, 38.584285035174211 ], [ -90.278860955144978, 38.580966054038427 ], [ -90.291817902441039, 38.582307980084302 ], [ -90.29203190084398, 38.582305614575631 ], [ -90.293323438794957, 38.582075870427595 ], [ -90.292462089557162, 38.587191713027707 ], [ -90.292666807596376, 38.587477873970464 ], [ -90.29279058636773, 38.587624094467877 ], [ -90.292893519572459, 38.58771969794369 ], [ -90.293095465048225, 38.587851174475901 ], [ -90.29362110988427, 38.588163079806769 ], [ -90.293765365364848, 38.588282535460657 ], [ -90.293914830070037, 38.588428141454429 ], [ -90.294083943815338, 38.588627300549916 ], [ -90.294222657221738, 38.588850404960667 ], [ -90.294317964690975, 38.589069808616202 ], [ -90.294363546466229, 38.589218855723615 ], [ -90.294413250075934, 38.589480714128662 ], [ -90.294439202359754, 38.589790144119071 ], [ -90.294537773576721, 38.59069397943189 ], [ -90.294548668037962, 38.591585742677758 ], [ -90.29449069240448, 38.592383555547769 ], [ -90.29438076438467, 38.592983350859903 ], [ -90.294263517445216, 38.593412691559976 ], [ -90.279297783540429, 38.591846410046841 ], [ -90.276550702838946, 38.591546009621808 ], [ -90.275511846662056, 38.59145681028329 ], [ -90.275119692870931, 38.591460643005071 ], [ -90.27477758364958, 38.591494529153778 ], [ -90.274497237333733, 38.591536111665363 ], [ -90.274342614077071, 38.591562339649599 ], [ -90.274182253768572, 38.591566149252436 ], [ -90.273979682982258, 38.591541511487122 ], [ -90.273884098197684, 38.591529876456718 ], [ -90.273327669886598, 38.591458858082731 ] ] ] } },
{ "type": "Feature", "properties": { "NHD_NUM": 18, "NHD_NAME": "Marine Villa", "pct_tenant_lawyer_pre": 8.6, "total_filings_pre": 70, "pct_tenant_lawyer_post": 4.4, "total_filings_post": 45 }, "geometry": { "type": "Polygon", "coordinates": [ [ [ -90.214497550334727, 38.591625900456975 ], [ -90.213770207714632, 38.59094332400479 ], [ -90.211948352424969, 38.589234286669601 ], [ -90.209775518750973, 38.587252035913096 ], [ -90.224857670770689, 38.577105194366375 ], [ -90.228444068055893, 38.578961177884786 ], [ -90.227142907723334, 38.585069299237759 ], [ -90.227131121376772, 38.585410455025361 ], [ -90.227104208491085, 38.585588659096409 ], [ -90.227013669945364, 38.586087275564203 ], [ -90.226928373649741, 38.586134224134071 ], [ -90.225463440938157, 38.593292724684353 ], [ -90.215834422041169, 38.592071469603269 ], [ -90.215645444758778, 38.5920023623435 ], [ -90.214929721448684, 38.591394922743888 ], [ -90.214497550334727, 38.591625900456975 ] ] ] } },
{ "type": "Feature", "properties": { "NHD_NUM": 19, "NHD_NAME": "Gravois Park", "pct_tenant_lawyer_pre": 1.8, "total_filings_pre": 217, "pct_tenant_lawyer_post": 2.7, "total_filings_post": 187 }, "geometry": { "type": "Polygon", "coordinates": [ [ [ -90.225463440938157, 38.593292724684353 ], [ -90.226928373649741, 38.586134224134071 ], [ -90.244513858413967, 38.588320076056291 ], [ -90.244512438915876, 38.588395119475841 ], [ -90.243923725951063, 38.591931563113206 ], [ -90.243843405126981, 38.592460199989802 ], [ -90.243196142339968, 38.59293657457615 ], [ -90.242410181974023, 38.593646511180125 ], [ -90.241919401747921, 38.593576534833595 ], [ -90.241806123941032, 38.593542894170241 ], [ -90.241589687244456, 38.593483378960151 ], [ -90.241413436784839, 38.593438368286847 ], [ -90.241047134689452, 38.593381706422122 ], [ -90.240659808435836, 38.59333416704699 ], [ -90.239529573995043, 38.593198452389721 ], [ -90.237243772311103, 38.592921934392429 ], [ -90.236870083965684, 38.594727481382563 ], [ -90.225463440938157, 38.593292724684353 ] ] ] } },
{ "type": "Feature", "properties": { "NHD_NUM": 14, "NHD_NAME": "North Hampton", "pct_tenant_lawyer_pre": 0.7, "total_filings_pre": 136, "pct_tenant_lawyer_post": 2.8, "total_filings_post": 107 }, "geometry": { "type": "Polygon", "coordinates": [ [ [ -90.288352799326503, 38.604276582447 ], [ -90.288346275058288, 38.604317511826459 ], [ -90.28502986330281, 38.603980114812515 ], [ -90.281680765695569, 38.603641657454062 ], [ -90.281561466811738, 38.603655164476073 ], [ -90.276306766882712, 38.603034898867485 ], [ -90.26970775334587, 38.602352036611968 ], [ -90.271234836921096, 38.594857885193186 ], [ -90.271338542773094, 38.594428761182151 ], [ -90.271375168942356, 38.594276680338012 ], [ -90.271555751307346, 38.593977038942775 ], [ -90.273300097270692, 38.591498044143606 ], [ -90.273327669886598, 38.591458858082731 ], [ -90.273884098197684, 38.591529876456718 ], [ -90.273979682982258, 38.591541511487122 ], [ -90.274182253768572, 38.591566149252436 ], [ -90.274342614077071, 38.591562339649599 ], [ -90.274497237333733, 38.591536111665363 ], [ -90.27477758364958, 38.591494529153778 ], [ -90.275119692870931, 38.591460643005071 ], [ -90.275511846662056, 38.59145681028329 ], [ -90.276550702838946, 38.591546009621808 ], [ -90.279297783540429, 38.591846410046841 ], [ -90.294263517445216, 38.593412691559976 ], [ -90.294111139869415, 38.593878766542311 ], [ -90.29394871663871, 38.594296796795994 ], [ -90.293725816192079, 38.594743992151159 ], [ -90.293529507040489, 38.595080710162257 ], [ -90.293086285589965, 38.595889046009056 ], [ -90.292925197988595, 38.596240488190851 ], [ -90.29280747993802, 38.596719006277375 ], [ -90.29267522792351, 38.597591073903544 ], [ -90.29191441272026, 38.602031742047892 ], [ -90.291770267082043, 38.602762179445634 ], [ -90.291671749238475, 38.603153738643947 ], [ -90.291511443941417, 38.603625534016231 ], [ -90.291399966588756, 38.603863078914976 ], [ -90.291199195011856, 38.604205962839934 ], [ -90.290991856311834, 38.604507425025091 ], [ -90.290960564810334, 38.604546279695533 ], [ -90.288352799326503, 38.604276582447 ] ] ] } },
{ "type": "Feature", "properties": { "NHD_NUM": 30, "NHD_NAME": "Benton Park West", "pct_tenant_lawyer_pre": 4.9, "total_filings_pre": 102, "pct_tenant_lawyer_post": 5.5, "total_filings_post": 73 }, "geometry": { "type": "Polygon", "coordinates": [ [ [ -90.225463440938157, 38.593292724684353 ], [ -90.236870083965684, 38.594727481382563 ], [ -90.237243772311103, 38.592921934392429 ], [ -90.239529573995043, 38.593198452389721 ], [ -90.240659808435836, 38.59333416704699 ], [ -90.241047134689452, 38.593381706422122 ], [ -90.241413436784839, 38.593438368286847 ], [ -90.241589687244456, 38.593483378960151 ], [ -90.241806123941032, 38.593542894170241 ], [ -90.241919401747921, 38.593576534833595 ], [ -90.242410181974023, 38.593646511180125 ], [ -90.241261687709837, 38.594686967584728 ], [ -90.240538804011379, 38.595194518421131 ], [ -90.237530166082863, 38.597222986954606 ], [ -90.236115744266186, 38.598304011310077 ], [ -90.234735070624282, 38.599321690719151 ], [ -90.233930872969452, 38.59986880480777 ], [ -90.233382008185643, 38.600205305694509 ], [ -90.232542201012919, 38.600752822689522 ], [ -90.232079544326922, 38.601032756214643 ], [ -90.231884676998547, 38.601135062386241 ], [ -90.230732153872282, 38.601626657000438 ], [ -90.224343355924205, 38.604352880847784 ], [ -90.222999091753906, 38.604938241861852 ], [ -90.224187246402465, 38.59937065088269 ], [ -90.224278759035329, 38.598929210874353 ], [ -90.225463440938157, 38.593292724684353 ] ] ] } },
{ "type": "Feature", "properties": { "NHD_NUM": 15, "NHD_NAME": "Tower Grove South", "pct_tenant_lawyer_pre": 2.5, "total_filings_pre": 157, "pct_tenant_lawyer_post": 5.0, "total_filings_post": 120 }, "geometry": { "type": "Polygon", "coordinates": [ [ [ -90.242290653731729, 38.602827391065141 ], [ -90.242277165722783, 38.602685011890905 ], [ -90.243640341864094, 38.593805758265553 ], [ -90.243843405126981, 38.592460199989802 ], [ -90.243923725951063, 38.591931563113206 ], [ -90.244512438915876, 38.588395119475841 ], [ -90.259717516353263, 38.589958321980873 ], [ -90.261615529270586, 38.590146180820831 ], [ -90.261731489135116, 38.590173876289789 ], [ -90.261930478215319, 38.590221209847911 ], [ -90.264036277054572, 38.590435098647063 ], [ -90.269780882684401, 38.5910813736769 ], [ -90.273088052652042, 38.591453975759563 ], [ -90.273300097270692, 38.591498044143606 ], [ -90.271555751307346, 38.593977038942775 ], [ -90.271375168942356, 38.594276680338012 ], [ -90.271338542773094, 38.594428761182151 ], [ -90.271234836921096, 38.594857885193186 ], [ -90.26970775334587, 38.602352036611968 ], [ -90.269221060569805, 38.605065213115417 ], [ -90.268725956578265, 38.605045480870693 ], [ -90.267981084064601, 38.605073305320452 ], [ -90.266906233519464, 38.605139131930549 ], [ -90.26668401383256, 38.605141160249104 ], [ -90.266514889232496, 38.605129399592869 ], [ -90.265705910271635, 38.605048590492551 ], [ -90.258895527652925, 38.604405444574944 ], [ -90.242290653731729, 38.602827391065141 ] ] ] } },
{ "type": "Feature", "properties": { "NHD_NUM": 9, "NHD_NAME": "Lindenwood Park", "pct_tenant_lawyer_pre": 2.4, "total_filings_pre": 84, "pct_tenant_lawyer_post": 0.0, "total_filings_post": 50 }, "geometry": { "type": "Polygon", "coordinates": [ [ [ -90.288940012889313, 38.60699479884741 ], [ -90.289139256231934, 38.606678689018374 ], [ -90.290243403718264, 38.605361664122967 ], [ -90.290536829398519, 38.605037263889159 ], [ -90.290809191733473, 38.604735011592069 ], [ -90.290960564810334, 38.604546279695533 ], [ -90.290991856311834, 38.604507425025091 ], [ -90.291199195011856, 38.604205962839934 ], [ -90.291399966588756, 38.603863078914976 ], [ -90.291511443941417, 38.603625534016231 ], [ -90.291671749238475, 38.603153738643947 ], [ -90.291770267082043, 38.602762179445634 ], [ -90.29191441272026, 38.602031742047892 ], [ -90.29267522792351, 38.597591073903544 ], [ -90.29280747993802, 38.596719006277375 ], [ -90.292925197988595, 38.596240488190851 ], [ -90.293086285589965, 38.595889046009056 ], [ -90.293529507040489, 38.595080710162257 ], [ -90.293725816192079, 38.594743992151159 ], [ -90.29394871663871, 38.594296796795994 ], [ -90.294111139869415, 38.593878766542311 ], [ -90.294263517445216, 38.593412691559976 ], [ -90.297824972030952, 38.593761262285867 ], [ -90.29827241928588, 38.593807342288194 ], [ -90.298454382101028, 38.593799637804381 ], [ -90.298808996369075, 38.593773694010345 ], [ -90.299147686303868, 38.593711119273735 ], [ -90.299453874934628, 38.593597248454657 ], [ -90.300177055618789, 38.593256368907419 ], [ -90.31179589822051, 38.587708947819763 ], [ -90.312488931478995, 38.587359513556407 ], [ -90.313069503207629, 38.586987900173597 ], [ -90.314715382177496, 38.585821898251154 ], [ -90.31590123388024, 38.584970907031952 ], [ -90.316242966228415, 38.584722496972034 ], [ -90.320238955415491, 38.593631156884527 ], [ -90.320492649994804, 38.594196523178525 ], [ -90.318892624330317, 38.598185307302948 ], [ -90.318842950681955, 38.598221833844086 ], [ -90.318224623983468, 38.598638724341498 ], [ -90.317745961199307, 38.598923091059284 ], [ -90.317321432408335, 38.599135925367818 ], [ -90.316715663628386, 38.599410478604874 ], [ -90.316194621844119, 38.59962340445653 ], [ -90.315542267563856, 38.59987179206486 ], [ -90.315256216359515, 38.599978432177501 ], [ -90.313951443169984, 38.600493507451851 ], [ -90.313307006097986, 38.600826579356891 ], [ -90.312697667625201, 38.60122467287789 ], [ -90.31209355462363, 38.601749797894342 ], [ -90.311523658833522, 38.602353893314799 ], [ -90.311005945540415, 38.602938409928008 ], [ -90.310493326948077, 38.603471884991656 ], [ -90.310099821327711, 38.603858204244638 ], [ -90.309480775006278, 38.60439084257002 ], [ -90.309030705836008, 38.604739062689411 ], [ -90.307808603221758, 38.605593353917172 ], [ -90.307368586983273, 38.605905667181069 ], [ -90.30677316580713, 38.606318388286169 ], [ -90.306240766727043, 38.606690954198463 ], [ -90.305630980196213, 38.607131599506324 ], [ -90.305380833536134, 38.607313101464186 ], [ -90.305042025351653, 38.607617088613985 ], [ -90.304812469124897, 38.607844618823961 ], [ -90.304485992664411, 38.608219360451272 ], [ -90.304278450531683, 38.608509176385489 ], [ -90.304272579134135, 38.608519216045423 ], [ -90.288940012889313, 38.60699479884741 ] ] ] } },
{ "type": "Feature", "properties": { "NHD_NUM": 22, "NHD_NAME": "Benton Park", "pct_tenant_lawyer_pre": 0.0, "total_filings_pre": 35, "pct_tenant_lawyer_post": 4.2, "total_filings_post": 24 }, "geometry": { "type": "Polygon", "coordinates": [ [ [ -90.212612121142556, 38.608301396927743 ], [ -90.213439481875923, 38.606693597683631 ], [ -90.21375852809517, 38.605963275369469 ], [ -90.213973596930003, 38.605339321482369 ], [ -90.214608558043366, 38.602885762502247 ], [ -90.214649447794642, 38.602722479637976 ], [ -90.215649083642163, 38.598822915943316 ], [ -90.215715797069791, 38.598542745656616 ], [ -90.215830984815469, 38.598028849525086 ], [ -90.215963218711565, 38.597468560671302 ], [ -90.216133124602749, 38.596750883812888 ], [ -90.216155124991303, 38.596646344141959 ], [ -90.216162572371076, 38.596603360674052 ], [ -90.216179740508053, 38.596393091922387 ], [ -90.216187668129351, 38.596228134703154 ], [ -90.216185314042676, 38.595875277133842 ], [ -90.216173272413826, 38.595672268102454 ], [ -90.216141408658686, 38.595402650132513 ], [ -90.216097106009812, 38.595173256678706 ], [ -90.216019606641254, 38.594861624589278 ], [ -90.21594074538389, 38.594603287908299 ], [ -90.215874654682807, 38.594424642054825 ], [ -90.215796659222377, 38.594239569090064 ], [ -90.215715751923497, 38.594056520514613 ], [ -90.215590791995922, 38.593803151730107 ], [ -90.215509372252683, 38.593670214976363 ], [ -90.215443310915532, 38.593564582915839 ], [ -90.215281330767965, 38.593312249885827 ], [ -90.215176150938646, 38.593145177803947 ], [ -90.215017093233044, 38.592888704681712 ], [ -90.214837193952107, 38.592593984373735 ], [ -90.21467529416951, 38.592322429151146 ], [ -90.214548462874816, 38.592101538228547 ], [ -90.214463925483031, 38.591944347298885 ], [ -90.214353794921152, 38.591702902415612 ], [ -90.214497550334727, 38.591625900456975 ], [ -90.214929721448684, 38.591394922743888 ], [ -90.215645444758778, 38.5920023623435 ], [ -90.215834422041169, 38.592071469603269 ], [ -90.225463440938157, 38.593292724684353 ], [ -90.224278759035329, 38.598929210874353 ], [ -90.224187246402465, 38.59937065088269 ], [ -90.222999091753906, 38.604938241861852 ], [ -90.222724513527837, 38.60506025283199 ], [ -90.220806536312253, 38.606030497756343 ], [ -90.220409835704331, 38.606202077213275 ], [ -90.220108439878416, 38.606315752230422 ], [ -90.219861467540042, 38.606382189570617 ], [ -90.219205596575762, 38.606525465162022 ], [ -90.21733806444314, 38.606969928620828 ], [ -90.216367126877245, 38.607280395730335 ], [ -90.215420850089046, 38.60756524016513 ], [ -90.21467928866366, 38.607770532752568 ], [ -90.214181802433117, 38.607909141001002 ], [ -90.212554060229749, 38.608381105906574 ], [ -90.212612121142556, 38.608301396927743 ] ] ] } },
{ "type": "Feature", "properties": { "NHD_NUM": 81, "NHD_NAME": "Tower Grove Park", "pct_tenant_lawyer_pre": 0.0, "total_filings_pre": 1, "pct_tenant_lawyer_post": null, "total_filings_post": 0 }, "geometry": { "type": "Polygon", "coordinates": [ [ [ -90.262958964979632, 38.609262208972403 ], [ -90.257923155539387, 38.608779353115089 ], [ -90.241429485116782, 38.607212364037672 ], [ -90.242297925308961, 38.602907725442726 ], [ -90.242290653731729, 38.602827391065141 ], [ -90.258895527652925, 38.604405444574944 ], [ -90.265705910271635, 38.605048590492551 ], [ -90.266514889232496, 38.605129399592869 ], [ -90.26668401383256, 38.605141160249104 ], [ -90.266906233519464, 38.605139131930549 ], [ -90.267981084064601, 38.605073305320452 ], [ -90.268725956578265, 38.605045480870693 ], [ -90.269221060569805, 38.605065213115417 ], [ -90.269130485507347, 38.60558195613438 ], [ -90.268263096739304, 38.609764657156148 ], [ -90.262958964979632, 38.609262208972403 ] ] ] } },
{ "type": "Feature", "properties": { "NHD_NUM": 25, "NHD_NAME": "Tower Grove East", "pct_tenant_lawyer_pre": 1.2, "total_filings_pre": 83, "pct_tenant_lawyer_post": 4.8, "total_filings_post": 63 }, "geometry": { "type": "Polygon", "coordinates": [ [ [ -90.229330932268709, 38.608449890446529 ], [ -90.230732153872282, 38.601626657000438 ], [ -90.231884676998547, 38.601135062386241 ], [ -90.232079544326922, 38.601032756214643 ], [ -90.232542201012919, 38.600752822689522 ], [ -90.233382008185643, 38.600205305694509 ], [ -90.233930872969452, 38.59986880480777 ], [ -90.234735070624282, 38.599321690719151 ], [ -90.236115744266186, 38.598304011310077 ], [ -90.237530166082863, 38.597222986954606 ], [ -90.240538804011379, 38.595194518421131 ], [ -90.241261687709837, 38.594686967584728 ], [ -90.242410181974023, 38.593646511180125 ], [ -90.243196142339968, 38.59293657457615 ], [ -90.243843405126981, 38.592460199989802 ], [ -90.243640341864094, 38.593805758265553 ], [ -90.242277165722783, 38.602685011890905 ], [ -90.242290653731729, 38.602827391065141 ], [ -90.242297925308961, 38.602907725442726 ], [ -90.241429485116782, 38.607212364037672 ], [ -90.240814787576895, 38.609869777803844 ], [ -90.240687375302301, 38.609857358693873 ], [ -90.229330932268709, 38.608449890446529 ] ] ] } },
{ "type": "Feature", "properties": { "NHD_NUM": 23, "NHD_NAME": "McKinley Heights", "pct_tenant_lawyer_pre": 4.0, "total_filings_pre": 25, "pct_tenant_lawyer_post": 0.0, "total_filings_post": 24 }, "geometry": { "type": "Polygon", "coordinates": [ [ [ -90.211524234992595, 38.611161350385039 ], [ -90.212464354369175, 38.608498054808152 ], [ -90.212517991855847, 38.608430663734154 ], [ -90.212554060229749, 38.608381105906574 ], [ -90.214181802433117, 38.607909141001002 ], [ -90.21467928866366, 38.607770532752568 ], [ -90.215420850089046, 38.60756524016513 ], [ -90.216367126877245, 38.607280395730335 ], [ -90.21733806444314, 38.606969928620828 ], [ -90.219205596575762, 38.606525465162022 ], [ -90.219861467540042, 38.606382189570617 ], [ -90.220108439878416, 38.606315752230422 ], [ -90.220409835704331, 38.606202077213275 ], [ -90.220806536312253, 38.606030497756343 ], [ -90.222724513527837, 38.60506025283199 ], [ -90.222999091753906, 38.604938241861852 ], [ -90.222457924827353, 38.607641042037528 ], [ -90.221247484744183, 38.613696422669534 ], [ -90.219969874277893, 38.613586720943935 ], [ -90.219417986831544, 38.613523615714151 ], [ -90.219011362615078, 38.613464289189089 ], [ -90.218339377870166, 38.613325596519253 ], [ -90.217584686963534, 38.613144578273818 ], [ -90.216884038147029, 38.612954103128814 ], [ -90.216083718188514, 38.612737075032001 ], [ -90.214882985131041, 38.612371885875888 ], [ -90.214480719062266, 38.612248931378808 ], [ -90.211524234992595, 38.611161350385039 ] ] ] } },
{ "type": "Feature", "properties": { "NHD_NUM": 21, "NHD_NAME": "Soulard", "pct_tenant_lawyer_pre": 3.8, "total_filings_pre": 80, "pct_tenant_lawyer_post": 3.9, "total_filings_post": 76 }, "geometry": { "type": "Polygon", "coordinates": [ [ [ -90.214263510421432, 38.591751175453709 ], [ -90.214353794921152, 38.591702902415612 ], [ -90.214463925483031, 38.591944347298885 ], [ -90.214548462874816, 38.592101538228547 ], [ -90.21467529416951, 38.592322429151146 ], [ -90.214837193952107, 38.592593984373735 ], [ -90.215017093233044, 38.592888704681712 ], [ -90.215176150938646, 38.593145177803947 ], [ -90.215281330767965, 38.593312249885827 ], [ -90.215443310915532, 38.593564582915839 ], [ -90.215509372252683, 38.593670214976363 ], [ -90.215590791995922, 38.593803151730107 ], [ -90.215715751923497, 38.594056520514613 ], [ -90.215796659222377, 38.594239569090064 ], [ -90.215874654682807, 38.594424642054825 ], [ -90.21594074538389, 38.594603287908299 ], [ -90.216019606641254, 38.594861624589278 ], [ -90.216097106009812, 38.595173256678706 ], [ -90.216141408658686, 38.595402650132513 ], [ -90.216173272413826, 38.595672268102454 ], [ -90.216185314042676, 38.595875277133842 ], [ -90.216187668129351, 38.596228134703154 ], [ -90.216179740508053, 38.596393091922387 ], [ -90.216162572371076, 38.596603360674052 ], [ -90.216155124991303, 38.596646344141959 ], [ -90.216133124602749, 38.596750883812888 ], [ -90.215963218711565, 38.597468560671302 ], [ -90.215830984815469, 38.598028849525086 ], [ -90.215715797069791, 38.598542745656616 ], [ -90.215649083642163, 38.598822915943316 ], [ -90.214649447794642, 38.602722479637976 ], [ -90.214608558043366, 38.602885762502247 ], [ -90.213973596930003, 38.605339321482369 ], [ -90.21375852809517, 38.605963275369469 ], [ -90.213439481875923, 38.606693597683631 ], [ -90.212612121142556, 38.608301396927743 ], [ -90.212517991855847, 38.608430663734154 ], [ -90.212464354369175, 38.608498054808152 ], [ -90.211524234992595, 38.611161350385039 ], [ -90.209232699213871, 38.610318362835095 ], [ -90.208798743596674, 38.610386618273495 ], [ -90.208440791102007, 38.610414092482678 ], [ -90.208369913978643, 38.61041597530911 ], [ -90.208010528156748, 38.610425623165305 ], [ -90.20782187539514, 38.610421939698824 ], [ -90.206930957872885, 38.610405735382869 ], [ -90.206454303584422, 38.610439770975724 ], [ -90.206217317013767, 38.610479678593535 ], [ -90.205691661699461, 38.610583169411242 ], [ -90.205254233664149, 38.610712033050326 ], [ -90.204917203638558, 38.61083406454194 ], [ -90.204735451732233, 38.610905466699997 ], [ -90.203930260934285, 38.611258096623914 ], [ -90.203221388835686, 38.611581692589127 ], [ -90.202355653896902, 38.611964363176547 ], [ -90.201816031375344, 38.612191587249058 ], [ -90.20123373964573, 38.612436329450738 ], [ -90.200663176803999, 38.612670773613999 ], [ -90.200110158418724, 38.612893397893828 ], [ -90.199528909199842, 38.613104030055744 ], [ -90.19906890803145, 38.613251347473437 ], [ -90.198155030763985, 38.613561809629907 ], [ -90.197443273336219, 38.613802710592843 ], [ -90.197134535625423, 38.613906504600756 ], [ -90.197521699391999, 38.61290387057619 ], [ -90.197568405459592, 38.612824358717795 ], [ -90.198244630023822, 38.612082179013498 ], [ -90.198993436110896, 38.611153018859163 ], [ -90.202100475140853, 38.607743882730894 ], [ -90.202728063844916, 38.606892181354482 ], [ -90.202885044826758, 38.606656210820589 ], [ -90.203997934484988, 38.605093824012421 ], [ -90.204276519262478, 38.604719461952996 ], [ -90.204641036375634, 38.604219717104144 ], [ -90.207136791554078, 38.600689697076092 ], [ -90.207550163158245, 38.600074955916362 ], [ -90.207687215222933, 38.59986180163034 ], [ -90.207793073157703, 38.599643983737913 ], [ -90.207878549924899, 38.599412824870711 ], [ -90.207989193259479, 38.599032790117143 ], [ -90.208056766802258, 38.598763637130745 ], [ -90.208225601473188, 38.598399975075807 ], [ -90.208403283741518, 38.598089221829774 ], [ -90.208955030315408, 38.597349879474457 ], [ -90.210814105348462, 38.595126382370005 ], [ -90.212424048331442, 38.593053735651736 ], [ -90.212505483842492, 38.592961507428612 ], [ -90.213851708420364, 38.592006008465397 ], [ -90.214263510421432, 38.591751175453709 ] ] ] } },
{ "type": "Feature", "properties": { "NHD_NUM": 24, "NHD_NAME": "Fox Park", "pct_tenant_lawyer_pre": 1.7, "total_filings_pre": 59, "pct_tenant_lawyer_post": 3.3, "total_filings_post": 60 }, "geometry": { "type": "Polygon", "coordinates": [ [ [ -90.221247484744183, 38.613696422669534 ], [ -90.222457924827353, 38.607641042037528 ], [ -90.222999091753906, 38.604938241861852 ], [ -90.224343355924205, 38.604352880847784 ], [ -90.230732153872282, 38.601626657000438 ], [ -90.229330932268709, 38.608449890446529 ], [ -90.228116898892054, 38.614308506716426 ], [ -90.224812298024801, 38.614030967273756 ], [ -90.221247484744183, 38.613696422669534 ] ] ] } },
{ "type": "Feature", "properties": { "NHD_NUM": 26, "NHD_NAME": "Compton Heights", "pct_tenant_lawyer_pre": 0.0, "total_filings_pre": 9, "pct_tenant_lawyer_post": 0.0, "total_filings_post": 7 }, "geometry": { "type": "Polygon", "coordinates": [ [ [ -90.228116898892054, 38.614308506716426 ], [ -90.229330932268709, 38.608449890446529 ], [ -90.240687375302301, 38.609857358693873 ], [ -90.240814787576895, 38.609869777803844 ], [ -90.240021832548365, 38.613410294330642 ], [ -90.23940675641785, 38.616375021098072 ], [ -90.239373395062117, 38.616647699219513 ], [ -90.237212299177074, 38.616445131640347 ], [ -90.236472391001087, 38.616353318923558 ], [ -90.236161643938487, 38.616301352488897 ], [ -90.235830262178496, 38.616236075706702 ], [ -90.235477651383036, 38.616156800577834 ], [ -90.235299595311318, 38.616112901937477 ], [ -90.234965671572368, 38.616025210858162 ], [ -90.23467111862648, 38.615938705392054 ], [ -90.234306420770551, 38.615816370895047 ], [ -90.234061746670534, 38.615729317684796 ], [ -90.23378852207388, 38.615630282906714 ], [ -90.233249389675152, 38.615432501985644 ], [ -90.232842179981262, 38.61527983294684 ], [ -90.232575691919266, 38.615177157593983 ], [ -90.232125147229112, 38.615008186259708 ], [ -90.231653783693702, 38.614856986906325 ], [ -90.231282602530314, 38.614758187352543 ], [ -90.230928551644439, 38.614674557405898 ], [ -90.230496354727435, 38.614579926711713 ], [ -90.229969383869786, 38.614494054952992 ], [ -90.229411977121273, 38.614423899490838 ], [ -90.228116898892054, 38.614308506716426 ] ] ] } },
{ "type": "Feature", "properties": { "NHD_NUM": 20, "NHD_NAME": "Kosciusko", "pct_tenant_lawyer_pre": 0.0, "total_filings_pre": 5, "pct_tenant_lawyer_post": 0.0, "total_filings_post": 1 }, "geometry": { "type": "Polygon", "coordinates": [ [ [ -90.187471001954393, 38.614463147788264 ], [ -90.188433064210273, 38.611934656835537 ], [ -90.191190581704916, 38.606980488587062 ], [ -90.192902798757871, 38.603956207824787 ], [ -90.195504322249803, 38.599552574497494 ], [ -90.199463483774338, 38.59547112217831 ], [ -90.204459888695851, 38.590827207153914 ], [ -90.209775518750973, 38.587252035913096 ], [ -90.211948352424969, 38.589234286669601 ], [ -90.213770207714632, 38.59094332400479 ], [ -90.214497550334727, 38.591625900456975 ], [ -90.214353794921152, 38.591702902415612 ], [ -90.214263510421432, 38.591751175453709 ], [ -90.213851708420364, 38.592006008465397 ], [ -90.212505483842492, 38.592961507428612 ], [ -90.212424048331442, 38.593053735651736 ], [ -90.210814105348462, 38.595126382370005 ], [ -90.208955030315408, 38.597349879474457 ], [ -90.208403283741518, 38.598089221829774 ], [ -90.208225601473188, 38.598399975075807 ], [ -90.208056766802258, 38.598763637130745 ], [ -90.207989193259479, 38.599032790117143 ], [ -90.207878549924899, 38.599412824870711 ], [ -90.207793073157703, 38.599643983737913 ], [ -90.207687215222933, 38.59986180163034 ], [ -90.207550163158245, 38.600074955916362 ], [ -90.207136791554078, 38.600689697076092 ], [ -90.204641036375634, 38.604219717104144 ], [ -90.204276519262478, 38.604719461952996 ], [ -90.203997934484988, 38.605093824012421 ], [ -90.202885044826758, 38.606656210820589 ], [ -90.202728063844916, 38.606892181354482 ], [ -90.202100475140853, 38.607743882730894 ], [ -90.198993436110896, 38.611153018859163 ], [ -90.198244630023822, 38.612082179013498 ], [ -90.197568405459592, 38.612824358717795 ], [ -90.197521699391999, 38.61290387057619 ], [ -90.197134535625423, 38.613906504600756 ], [ -90.196738807840447, 38.6140393432661 ], [ -90.196196676318564, 38.614223039719924 ], [ -90.195658072371387, 38.614407677051993 ], [ -90.195204489184448, 38.614564633656514 ], [ -90.194720468995612, 38.614734992744147 ], [ -90.19431472021644, 38.614884959027862 ], [ -90.193869059666099, 38.615095449518797 ], [ -90.193490710969556, 38.615311387557519 ], [ -90.193244228047277, 38.615455369045002 ], [ -90.192965777673507, 38.615635403608806 ], [ -90.192600794440324, 38.615941081915068 ], [ -90.192400423571499, 38.616145813649652 ], [ -90.192045889903127, 38.616593153151584 ], [ -90.192015647855271, 38.616634701960805 ], [ -90.191847708632935, 38.616555313778136 ], [ -90.188069660045556, 38.614753094551304 ], [ -90.187471001954393, 38.614463147788264 ] ] ] } },
{ "type": "Feature", "properties": { "NHD_NUM": 87, "NHD_NAME": "Missouri Botanical Garden", "pct_tenant_lawyer_pre": null, "total_filings_pre": 0, "pct_tenant_lawyer_post": null, "total_filings_post": 0 }, "geometry": { "type": "Polygon", "coordinates": [ [ [ -90.256372270508564, 38.616675347050219 ], [ -90.257923155539387, 38.608779353115089 ], [ -90.262958964979632, 38.609262208972403 ], [ -90.26259405919285, 38.611661906238076 ], [ -90.262481799900598, 38.612104240614876 ], [ -90.262120707083838, 38.612810116646614 ], [ -90.261692975929918, 38.613387978473014 ], [ -90.259987382662089, 38.615747363248751 ], [ -90.259627797027633, 38.616345923434615 ], [ -90.259474340395599, 38.616969400706843 ], [ -90.256372270508564, 38.616675347050219 ] ] ] } },
{ "type": "Feature", "properties": { "NHD_NUM": 27, "NHD_NAME": "Shaw", "pct_tenant_lawyer_pre": 1.7, "total_filings_pre": 59, "pct_tenant_lawyer_post": 3.9, "total_filings_post": 51 }, "geometry": { "type": "Polygon", "coordinates": [ [ [ -90.255999941871707, 38.618183677258628 ], [ -90.245037491165377, 38.617171194724556 ], [ -90.239381862269724, 38.61664840455839 ], [ -90.239373395062117, 38.616647699219513 ], [ -90.23940675641785, 38.616375021098072 ], [ -90.240021832548365, 38.613410294330642 ], [ -90.240814787576895, 38.609869777803844 ], [ -90.241429485116782, 38.607212364037672 ], [ -90.257923155539387, 38.608779353115089 ], [ -90.256372270508564, 38.616675347050219 ], [ -90.25615542593799, 38.617746026147188 ], [ -90.256129286387477, 38.617796085624626 ], [ -90.256064667547932, 38.618191144573878 ], [ -90.255999941871707, 38.618183677258628 ] ] ] } },
{ "type": "Feature", "properties": { "NHD_NUM": 13, "NHD_NAME": "Southwest Garden", "pct_tenant_lawyer_pre": 0.0, "total_filings_pre": 33, "pct_tenant_lawyer_post": 0.0, "total_filings_post": 12 }, "geometry": { "type": "Polygon", "coordinates": [ [ [ -90.260214098658864, 38.618515282326307 ], [ -90.260037693056063, 38.618505309975362 ], [ -90.259745178128355, 38.618488701777743 ], [ -90.258862162200643, 38.618431060694732 ], [ -90.256064667547932, 38.618191144573878 ], [ -90.256129286387477, 38.617796085624626 ], [ -90.25615542593799, 38.617746026147188 ], [ -90.256372270508564, 38.616675347050219 ], [ -90.259474340395599, 38.616969400706843 ], [ -90.259627797027633, 38.616345923434615 ], [ -90.259987382662089, 38.615747363248751 ], [ -90.261692975929918, 38.613387978473014 ], [ -90.262120707083838, 38.612810116646614 ], [ -90.262481799900598, 38.612104240614876 ], [ -90.26259405919285, 38.611661906238076 ], [ -90.262958964979632, 38.609262208972403 ], [ -90.268263096739304, 38.609764657156148 ], [ -90.269130485507347, 38.60558195613438 ], [ -90.269221060569805, 38.605065213115417 ], [ -90.26970775334587, 38.602352036611968 ], [ -90.276306766882712, 38.603034898867485 ], [ -90.281561466811738, 38.603655164476073 ], [ -90.281680765695569, 38.603641657454062 ], [ -90.28502986330281, 38.603980114812515 ], [ -90.288346275058288, 38.604317511826459 ], [ -90.288352799326503, 38.604276582447 ], [ -90.290960564810334, 38.604546279695533 ], [ -90.290809191733473, 38.604735011592069 ], [ -90.290536829398519, 38.605037263889159 ], [ -90.290243403718264, 38.605361664122967 ], [ -90.289139256231934, 38.606678689018374 ], [ -90.288940012889313, 38.60699479884741 ], [ -90.288748326828738, 38.607418698692058 ], [ -90.288533519351233, 38.608171602742608 ], [ -90.288400552250636, 38.608857158399587 ], [ -90.288081900236435, 38.610598436558099 ], [ -90.287970538661042, 38.611169854848505 ], [ -90.287595309880999, 38.612222238343513 ], [ -90.27552150223697, 38.611037402628213 ], [ -90.275244266689214, 38.610999800495435 ], [ -90.273734759190845, 38.611182022483611 ], [ -90.273434774855374, 38.611233834440988 ], [ -90.273039320779816, 38.61131838366758 ], [ -90.272698140736537, 38.611404218964566 ], [ -90.272026979433477, 38.611597873977736 ], [ -90.271224654462145, 38.611788303933878 ], [ -90.267676337323778, 38.612643067363287 ], [ -90.266512281713972, 38.618416177956917 ], [ -90.265615237998318, 38.618451674299529 ], [ -90.264973462456027, 38.618473947159913 ], [ -90.264299623509345, 38.618496838398421 ], [ -90.263448760243932, 38.618516402280811 ], [ -90.262919910198335, 38.618534113776555 ], [ -90.261593031862375, 38.618544680792745 ], [ -90.260822760916341, 38.618536903521388 ], [ -90.260214098658864, 38.618515282326307 ] ] ] } },
{ "type": "Feature", "properties": { "NHD_NUM": 11, "NHD_NAME": "Clifton Heights", "pct_tenant_lawyer_pre": 0.0, "total_filings_pre": 11, "pct_tenant_lawyer_post": 0.0, "total_filings_post": 3 }, "geometry": { "type": "Polygon", "coordinates": [ [ [ -90.288117769934729, 38.618499555020392 ], [ -90.287939987654013, 38.618254598184947 ], [ -90.287678002069228, 38.617983210164333 ], [ -90.287483262676616, 38.617650104595739 ], [ -90.287345737934302, 38.617404094718395 ], [ -90.287240061725811, 38.617146938174926 ], [ -90.287161518134468, 38.616875388662066 ], [ -90.287127085788256, 38.61668335740066 ], [ -90.287122704874662, 38.616496160036199 ], [ -90.287137112063618, 38.616168734068566 ], [ -90.28713555639716, 38.615108308577774 ], [ -90.287127762966861, 38.614488648143521 ], [ -90.287154083332979, 38.614073593992195 ], [ -90.287196770597532, 38.613745532835985 ], [ -90.287241431410521, 38.61343647778461 ], [ -90.287306509821107, 38.613134763358346 ], [ -90.287387583348462, 38.612844034613126 ], [ -90.287489452127474, 38.612515394311195 ], [ -90.287595309880999, 38.612222238343513 ], [ -90.287970538661042, 38.611169854848505 ], [ -90.288081900236435, 38.610598436558099 ], [ -90.288400552250636, 38.608857158399587 ], [ -90.288533519351233, 38.608171602742608 ], [ -90.288748326828738, 38.607418698692058 ], [ -90.288940012889313, 38.60699479884741 ], [ -90.304272579134135, 38.608519216045423 ], [ -90.303969267436003, 38.609047301060436 ], [ -90.303765363957822, 38.609502784026581 ], [ -90.303560652189461, 38.610022574691421 ], [ -90.303418791301851, 38.610388918509294 ], [ -90.303221507071456, 38.610865719487705 ], [ -90.303066145645786, 38.611163611795178 ], [ -90.302898515174718, 38.611455331909518 ], [ -90.302725977176408, 38.611724361682377 ], [ -90.30243850652171, 38.612107620665789 ], [ -90.30214615682425, 38.612469369928306 ], [ -90.301776453273931, 38.612858886311251 ], [ -90.301367405915315, 38.613235977156528 ], [ -90.301058347681746, 38.613510731973925 ], [ -90.300833845393868, 38.613696386463175 ], [ -90.300234157767946, 38.614121450972775 ], [ -90.299537388370254, 38.614542445229347 ], [ -90.299165299791127, 38.614736548887002 ], [ -90.298365487967331, 38.615080007587189 ], [ -90.297524806948914, 38.615429347691752 ], [ -90.297422546126612, 38.615476538782907 ], [ -90.292674256899204, 38.617411186006557 ], [ -90.291925580933352, 38.617697245613734 ], [ -90.291022600527498, 38.617988544706968 ], [ -90.290084668107966, 38.618248854564293 ], [ -90.289554019186099, 38.618382012837039 ], [ -90.288702939813973, 38.618573819721689 ], [ -90.288190504256804, 38.618665128480913 ], [ -90.288117769934729, 38.618499555020392 ] ] ] } },
{ "type": "Feature", "properties": { "NHD_NUM": 34, "NHD_NAME": "LaSalle Park", "pct_tenant_lawyer_pre": 12.0, "total_filings_pre": 25, "pct_tenant_lawyer_post": 14.3, "total_filings_post": 14 }, "geometry": { "type": "Polygon", "coordinates": [ [ [ -90.192968049351421, 38.617089375884561 ], [ -90.192045889903127, 38.616593153151584 ], [ -90.192400423571499, 38.616145813649652 ], [ -90.192600794440324, 38.615941081915068 ], [ -90.192965777673507, 38.615635403608806 ], [ -90.193244228047277, 38.615455369045002 ], [ -90.193490710969556, 38.615311387557519 ], [ -90.193869059666099, 38.615095449518797 ], [ -90.19431472021644, 38.614884959027862 ], [ -90.194720468995612, 38.614734992744147 ], [ -90.195204489184448, 38.614564633656514 ], [ -90.195658072371387, 38.614407677051993 ], [ -90.196196676318564, 38.614223039719924 ], [ -90.196738807840447, 38.6140393432661 ], [ -90.197134535625423, 38.613906504600756 ], [ -90.197443273336219, 38.613802710592843 ], [ -90.198155030763985, 38.613561809629907 ], [ -90.19906890803145, 38.613251347473437 ], [ -90.199528909199842, 38.613104030055744 ], [ -90.200110158418724, 38.612893397893828 ], [ -90.200663176803999, 38.612670773613999 ], [ -90.20123373964573, 38.612436329450738 ], [ -90.201816031375344, 38.612191587249058 ], [ -90.202355653896902, 38.611964363176547 ], [ -90.203221388835686, 38.611581692589127 ], [ -90.203930260934285, 38.611258096623914 ], [ -90.204735451732233, 38.610905466699997 ], [ -90.204917203638558, 38.61083406454194 ], [ -90.205254233664149, 38.610712033050326 ], [ -90.205691661699461, 38.610583169411242 ], [ -90.206217317013767, 38.610479678593535 ], [ -90.206454303584422, 38.610439770975724 ], [ -90.206930957872885, 38.610405735382869 ], [ -90.20782187539514, 38.610421939698824 ], [ -90.208010528156748, 38.610425623165305 ], [ -90.208369913978643, 38.61041597530911 ], [ -90.207715817509893, 38.611116394786031 ], [ -90.202511866106818, 38.616705434658691 ], [ -90.202236085282479, 38.617242962021152 ], [ -90.201683451557628, 38.618759583002991 ], [ -90.193385209268541, 38.617074214040308 ], [ -90.192968049351421, 38.617089375884561 ] ] ] } },
{ "type": "Feature", "properties": { "NHD_NUM": 33, "NHD_NAME": "Peabody Darst Webbe", "pct_tenant_lawyer_pre": 4.1, "total_filings_pre": 97, "pct_tenant_lawyer_post": 1.1, "total_filings_post": 88 }, "geometry": { "type": "Polygon", "coordinates": [ [ [ -90.201683451557628, 38.618759583002991 ], [ -90.202236085282479, 38.617242962021152 ], [ -90.202511866106818, 38.616705434658691 ], [ -90.207715817509893, 38.611116394786031 ], [ -90.208369913978643, 38.61041597530911 ], [ -90.208440791102007, 38.610414092482678 ], [ -90.208798743596674, 38.610386618273495 ], [ -90.209232699213871, 38.610318362835095 ], [ -90.211524234992595, 38.611161350385039 ], [ -90.210675768923636, 38.613565153560707 ], [ -90.210080152340879, 38.616473261421639 ], [ -90.210118884795847, 38.616485027536321 ], [ -90.208788748854971, 38.620191248336134 ], [ -90.201683451557628, 38.618759583002991 ] ] ] } },
{ "type": "Feature", "properties": { "NHD_NUM": 32, "NHD_NAME": "Lafayette Square", "pct_tenant_lawyer_pre": 4.3, "total_filings_pre": 23, "pct_tenant_lawyer_post": 0.0, "total_filings_post": 13 }, "geometry": { "type": "Polygon", "coordinates": [ [ [ -90.208788748854971, 38.620191248336134 ], [ -90.210118884795847, 38.616485027536321 ], [ -90.210080152340879, 38.616473261421639 ], [ -90.210675768923636, 38.613565153560707 ], [ -90.211524234992595, 38.611161350385039 ], [ -90.214480719062266, 38.612248931378808 ], [ -90.214882985131041, 38.612371885875888 ], [ -90.216083718188514, 38.612737075032001 ], [ -90.216884038147029, 38.612954103128814 ], [ -90.217584686963534, 38.613144578273818 ], [ -90.218339377870166, 38.613325596519253 ], [ -90.219011362615078, 38.613464289189089 ], [ -90.219417986831544, 38.613523615714151 ], [ -90.219969874277893, 38.613586720943935 ], [ -90.221247484744183, 38.613696422669534 ], [ -90.221024009894052, 38.614692880905373 ], [ -90.22043728637415, 38.617443858833482 ], [ -90.220186943493445, 38.618278241407182 ], [ -90.218598196309529, 38.622228368157522 ], [ -90.208788748854971, 38.620191248336134 ] ] ] } },
{ "type": "Feature", "properties": { "NHD_NUM": 10, "NHD_NAME": "Ellendale", "pct_tenant_lawyer_pre": 0.0, "total_filings_pre": 8, "pct_tenant_lawyer_post": 12.5, "total_filings_post": 8 }, "geometry": { "type": "Polygon", "coordinates": [ [ [ -90.288204131439556, 38.618696731245549 ], [ -90.288190504256804, 38.618665128480913 ], [ -90.288702939813973, 38.618573819721689 ], [ -90.289554019186099, 38.618382012837039 ], [ -90.290084668107966, 38.618248854564293 ], [ -90.291022600527498, 38.617988544706968 ], [ -90.291925580933352, 38.617697245613734 ], [ -90.292674256899204, 38.617411186006557 ], [ -90.297422546126612, 38.615476538782907 ], [ -90.297524806948914, 38.615429347691752 ], [ -90.298365487967331, 38.615080007587189 ], [ -90.299165299791127, 38.614736548887002 ], [ -90.299537388370254, 38.614542445229347 ], [ -90.300234157767946, 38.614121450972775 ], [ -90.300833845393868, 38.613696386463175 ], [ -90.301058347681746, 38.613510731973925 ], [ -90.301367405915315, 38.613235977156528 ], [ -90.301776453273931, 38.612858886311251 ], [ -90.30214615682425, 38.612469369928306 ], [ -90.30243850652171, 38.612107620665789 ], [ -90.302725977176408, 38.611724361682377 ], [ -90.302898515174718, 38.611455331909518 ], [ -90.303066145645786, 38.611163611795178 ], [ -90.303221507071456, 38.610865719487705 ], [ -90.303418791301851, 38.610388918509294 ], [ -90.303560652189461, 38.610022574691421 ], [ -90.303765363957822, 38.609502784026581 ], [ -90.303969267436003, 38.609047301060436 ], [ -90.304272579134135, 38.608519216045423 ], [ -90.304278450531683, 38.608509176385489 ], [ -90.304485992664411, 38.608219360451272 ], [ -90.304812469124897, 38.607844618823961 ], [ -90.305042025351653, 38.607617088613985 ], [ -90.305380833536134, 38.607313101464186 ], [ -90.305630980196213, 38.607131599506324 ], [ -90.306240766727043, 38.606690954198463 ], [ -90.30677316580713, 38.606318388286169 ], [ -90.307368586983273, 38.605905667181069 ], [ -90.307808603221758, 38.605593353917172 ], [ -90.309030705836008, 38.604739062689411 ], [ -90.309480775006278, 38.60439084257002 ], [ -90.310099821327711, 38.603858204244638 ], [ -90.310493326948077, 38.603471884991656 ], [ -90.311005945540415, 38.602938409928008 ], [ -90.311523658833522, 38.602353893314799 ], [ -90.31209355462363, 38.601749797894342 ], [ -90.312697667625201, 38.60122467287789 ], [ -90.313307006097986, 38.600826579356891 ], [ -90.313951443169984, 38.600493507451851 ], [ -90.315256216359515, 38.599978432177501 ], [ -90.315542267563856, 38.59987179206486 ], [ -90.316194621844119, 38.59962340445653 ], [ -90.316715663628386, 38.599410478604874 ], [ -90.317321432408335, 38.599135925367818 ], [ -90.317745961199307, 38.598923091059284 ], [ -90.318224623983468, 38.598638724341498 ], [ -90.318842950681955, 38.598221833844086 ], [ -90.318892624330317, 38.598185307302948 ], [ -90.317982061994527, 38.600455032492185 ], [ -90.315243676848453, 38.607353170413269 ], [ -90.312203798866619, 38.615007695772491 ], [ -90.312110443047914, 38.615240949463633 ], [ -90.311579082668032, 38.615562961853044 ], [ -90.311084331569973, 38.615816629667641 ], [ -90.310310802192944, 38.616151535017543 ], [ -90.309983807236108, 38.616281435848606 ], [ -90.309773310238612, 38.616351334708078 ], [ -90.309527240236449, 38.616425541018458 ], [ -90.3091121955201, 38.616537667363346 ], [ -90.3089802652609, 38.616583227368167 ], [ -90.308750204853496, 38.616664981535159 ], [ -90.306945676102245, 38.617202280452389 ], [ -90.305979114871874, 38.617513030516356 ], [ -90.295281066524566, 38.620948026436579 ], [ -90.294233197709531, 38.62128434926835 ], [ -90.292645615266437, 38.621779492495698 ], [ -90.292197252313656, 38.621894712217824 ], [ -90.291565370066067, 38.62202218080953 ], [ -90.290402167898435, 38.622190350003052 ], [ -90.288520092513963, 38.622424678381464 ], [ -90.288057114997031, 38.622447427851867 ], [ -90.288428963637315, 38.62050055323914 ], [ -90.288476759437714, 38.620017576496501 ], [ -90.288455638475881, 38.619653456028495 ], [ -90.288365341095968, 38.619115090376134 ], [ -90.288204131439556, 38.618696731245549 ] ] ] } },
{ "type": "Feature", "properties": { "NHD_NUM": 12, "NHD_NAME": "The Hill", "pct_tenant_lawyer_pre": 0.0, "total_filings_pre": 19, "pct_tenant_lawyer_post": 5.6, "total_filings_post": 18 }, "geometry": { "type": "Polygon", "coordinates": [ [ [ -90.266082373050722, 38.620548464259393 ], [ -90.266512281713972, 38.618416177956917 ], [ -90.267676337323778, 38.612643067363287 ], [ -90.271224654462145, 38.611788303933878 ], [ -90.272026979433477, 38.611597873977736 ], [ -90.272698140736537, 38.611404218964566 ], [ -90.273039320779816, 38.61131838366758 ], [ -90.273434774855374, 38.611233834440988 ], [ -90.273734759190845, 38.611182022483611 ], [ -90.275244266689214, 38.610999800495435 ], [ -90.27552150223697, 38.611037402628213 ], [ -90.287595309880999, 38.612222238343513 ], [ -90.287489452127474, 38.612515394311195 ], [ -90.287387583348462, 38.612844034613126 ], [ -90.287306509821107, 38.613134763358346 ], [ -90.287241431410521, 38.61343647778461 ], [ -90.287196770597532, 38.613745532835985 ], [ -90.287154083332979, 38.614073593992195 ], [ -90.287127762966861, 38.614488648143521 ], [ -90.28713555639716, 38.615108308577774 ], [ -90.287137112063618, 38.616168734068566 ], [ -90.287122704874662, 38.616496160036199 ], [ -90.287127085788256, 38.61668335740066 ], [ -90.287161518134468, 38.616875388662066 ], [ -90.287240061725811, 38.617146938174926 ], [ -90.287345737934302, 38.617404094718395 ], [ -90.287483262676616, 38.617650104595739 ], [ -90.287678002069228, 38.617983210164333 ], [ -90.287939987654013, 38.618254598184947 ], [ -90.288117769934729, 38.618499555020392 ], [ -90.288190504256804, 38.618665128480913 ], [ -90.288204131439556, 38.618696731245549 ], [ -90.288365341095968, 38.619115090376134 ], [ -90.288455638475881, 38.619653456028495 ], [ -90.288476759437714, 38.620017576496501 ], [ -90.288428963637315, 38.62050055323914 ], [ -90.288057114997031, 38.622447427851867 ], [ -90.280138022511025, 38.623392928916708 ], [ -90.275696548423412, 38.623908503669313 ], [ -90.272567235677542, 38.62427725377141 ], [ -90.272308383086127, 38.624311074319451 ], [ -90.271543346093281, 38.624464947283009 ], [ -90.26807980464126, 38.625432249592969 ], [ -90.265010277898526, 38.625855148623899 ], [ -90.266082373050722, 38.620548464259393 ] ] ] } },
{ "type": "Feature", "properties": { "NHD_NUM": 31, "NHD_NAME": "The Gate District", "pct_tenant_lawyer_pre": 4.8, "total_filings_pre": 83, "pct_tenant_lawyer_post": 1.0, "total_filings_post": 100 }, "geometry": { "type": "Polygon", "coordinates": [ [ [ -90.218598196309529, 38.622228368157522 ], [ -90.220186943493445, 38.618278241407182 ], [ -90.22043728637415, 38.617443858833482 ], [ -90.221024009894052, 38.614692880905373 ], [ -90.221247484744183, 38.613696422669534 ], [ -90.224812298024801, 38.614030967273756 ], [ -90.228116898892054, 38.614308506716426 ], [ -90.229411977121273, 38.614423899490838 ], [ -90.229969383869786, 38.614494054952992 ], [ -90.230496354727435, 38.614579926711713 ], [ -90.230928551644439, 38.614674557405898 ], [ -90.231282602530314, 38.614758187352543 ], [ -90.231653783693702, 38.614856986906325 ], [ -90.232125147229112, 38.615008186259708 ], [ -90.232575691919266, 38.615177157593983 ], [ -90.232842179981262, 38.61527983294684 ], [ -90.233249389675152, 38.615432501985644 ], [ -90.23378852207388, 38.615630282906714 ], [ -90.234061746670534, 38.615729317684796 ], [ -90.234306420770551, 38.615816370895047 ], [ -90.23467111862648, 38.615938705392054 ], [ -90.234965671572368, 38.616025210858162 ], [ -90.235299595311318, 38.616112901937477 ], [ -90.235477651383036, 38.616156800577834 ], [ -90.235830262178496, 38.616236075706702 ], [ -90.236161643938487, 38.616301352488897 ], [ -90.236472391001087, 38.616353318923558 ], [ -90.237212299177074, 38.616445131640347 ], [ -90.239373395062117, 38.616647699219513 ], [ -90.239323789987822, 38.617056731747084 ], [ -90.238583001477508, 38.620647270403794 ], [ -90.236733333950141, 38.625998825722419 ], [ -90.218598196309529, 38.622228368157522 ] ] ] } },
{ "type": "Feature", "properties": { "NHD_NUM": 66, "NHD_NAME": "College Hill", "pct_tenant_lawyer_pre": 3.7, "total_filings_pre": 27, "pct_tenant_lawyer_post": 0.0, "total_filings_post": 39 }, "geometry": { "type": "Polygon", "coordinates": [ [ [ -90.201155603081546, 38.668296589709307 ], [ -90.202250398695142, 38.668376074881088 ], [ -90.203666159821083, 38.668482641293572 ], [ -90.207608632543725, 38.667237714403633 ], [ -90.207680281005395, 38.667214773193656 ], [ -90.208726215404994, 38.666886281376783 ], [ -90.209192862838762, 38.667764785684099 ], [ -90.210767178981982, 38.668863644415545 ], [ -90.210999497145934, 38.669012963612019 ], [ -90.211191690976023, 38.66912371373143 ], [ -90.212261493458456, 38.669616768145737 ], [ -90.212406427772393, 38.669722155047488 ], [ -90.214215564313605, 38.671539129660417 ], [ -90.214290096159573, 38.671593324222641 ], [ -90.218175101622307, 38.673317617569275 ], [ -90.218106305886693, 38.673371684064932 ], [ -90.212590729218476, 38.678728300447297 ], [ -90.21237225266097, 38.678963224314444 ], [ -90.211150577665748, 38.679616262208306 ], [ -90.211035847107212, 38.679548018038346 ], [ -90.210396690852448, 38.679146003028976 ], [ -90.20955887907472, 38.67864183938287 ], [ -90.209069712652465, 38.67833217676619 ], [ -90.208994038709378, 38.678282562486658 ], [ -90.208923854095517, 38.67823570770932 ], [ -90.208857478802372, 38.678190701974316 ], [ -90.208791981475002, 38.678145451545582 ], [ -90.208725334534734, 38.678098605456626 ], [ -90.208656071620865, 38.678049006022185 ], [ -90.208583280638294, 38.6779971194239 ], [ -90.208509658863093, 38.677942677608264 ], [ -90.208433978198187, 38.677886418037673 ], [ -90.208358336699092, 38.677829032412149 ], [ -90.208279765392334, 38.677768645796988 ], [ -90.208197988186598, 38.67770391338054 ], [ -90.20811042028059, 38.677633454859254 ], [ -90.208017033669293, 38.677555403521282 ], [ -90.207918101120967, 38.677471653688904 ], [ -90.207815994868639, 38.677384435553385 ], [ -90.207699020863473, 38.677292155949054 ], [ -90.207612335255533, 38.677220326311136 ], [ -90.207499783439104, 38.67711776047193 ], [ -90.207172666489512, 38.676803223054662 ], [ -90.207059543900954, 38.676694668991601 ], [ -90.206995018035315, 38.676626546569238 ], [ -90.206586480933709, 38.676170390120213 ], [ -90.206259094776286, 38.675777811358174 ], [ -90.205390394266047, 38.67456215964836 ], [ -90.204789288375892, 38.673664548216152 ], [ -90.204338119535961, 38.672995221739285 ], [ -90.203629948697127, 38.671947901228243 ], [ -90.202650451148031, 38.670510903309768 ], [ -90.201822797296515, 38.669283658479323 ], [ -90.201155603081546, 38.668296589709307 ] ] ] } },
{ "type": "Feature", "properties": { "NHD_NUM": 68, "NHD_NAME": "O'Fallon", "pct_tenant_lawyer_pre": 3.3, "total_filings_pre": 121, "pct_tenant_lawyer_post": 1.0, "total_filings_post": 104 }, "geometry": { "type": "Polygon", "coordinates": [ [ [ -90.21237225266097, 38.678963224314444 ], [ -90.212590729218476, 38.678728300447297 ], [ -90.218106305886693, 38.673371684064932 ], [ -90.218175101622307, 38.673317617569275 ], [ -90.2185544651295, 38.672973454838214 ], [ -90.220795434544542, 38.670097470714587 ], [ -90.22071266619588, 38.670061796300537 ], [ -90.222031931537046, 38.668200444824087 ], [ -90.226276922115858, 38.670056690129478 ], [ -90.228869882415026, 38.666453682065274 ], [ -90.236451270097248, 38.669776278589957 ], [ -90.236330180935326, 38.669844653069447 ], [ -90.232948190555945, 38.674524258304302 ], [ -90.23074803401019, 38.677659834443659 ], [ -90.230593200643469, 38.677847571448254 ], [ -90.230156130756001, 38.678091635551709 ], [ -90.224796472929285, 38.6809282062585 ], [ -90.224252714351422, 38.67990729143569 ], [ -90.223918012377098, 38.67926484101978 ], [ -90.223735927618065, 38.679018187224592 ], [ -90.221529387455632, 38.676529263710833 ], [ -90.217897765069921, 38.678437415904298 ], [ -90.216457397905089, 38.676823657225469 ], [ -90.21237225266097, 38.678963224314444 ] ] ] } },
{ "type": "Feature", "properties": { "NHD_NUM": 85, "NHD_NAME": "O'Fallon Park", "pct_tenant_lawyer_pre": null, "total_filings_pre": 0, "pct_tenant_lawyer_post": null, "total_filings_post": 0 }, "geometry": { "type": "Polygon", "coordinates": [ [ [ -90.211150577665748, 38.679616262208306 ], [ -90.21237225266097, 38.678963224314444 ], [ -90.216457397905089, 38.676823657225469 ], [ -90.217897765069921, 38.678437415904298 ], [ -90.221529387455632, 38.676529263710833 ], [ -90.223735927618065, 38.679018187224592 ], [ -90.223918012377098, 38.67926484101978 ], [ -90.224252714351422, 38.67990729143569 ], [ -90.224796472929285, 38.6809282062585 ], [ -90.224918552268264, 38.681139735052618 ], [ -90.225073243377025, 38.681379430788922 ], [ -90.225174336287168, 38.681509878308361 ], [ -90.225432874873533, 38.681764701010891 ], [ -90.225470389101815, 38.681802545049678 ], [ -90.221097850675278, 38.684123902922984 ], [ -90.220989793507798, 38.684127983831395 ], [ -90.220566805169156, 38.684119889422909 ], [ -90.220252168035913, 38.68410425377423 ], [ -90.219686038833885, 38.684041802236244 ], [ -90.219171996356266, 38.683954320420874 ], [ -90.218812630804507, 38.683874019001586 ], [ -90.218421025048798, 38.683760962074565 ], [ -90.218081353864264, 38.683643882277842 ], [ -90.21770741571207, 38.683492889773333 ], [ -90.217536594106804, 38.683422457191263 ], [ -90.21744742564438, 38.683380805737904 ], [ -90.217004614818308, 38.68315001381854 ], [ -90.216744745130143, 38.682999239234277 ], [ -90.216039074984891, 38.68257831251281 ], [ -90.214834527162694, 38.68184837893584 ], [ -90.212917669349835, 38.680691319773345 ], [ -90.211248743397647, 38.679674854757174 ], [ -90.211150577665748, 38.679616262208306 ] ] ] } },
{ "type": "Feature", "properties": { "NHD_NUM": 69, "NHD_NAME": "Penrose", "pct_tenant_lawyer_pre": 0.7, "total_filings_pre": 152, "pct_tenant_lawyer_post": 1.0, "total_filings_post": 103 }, "geometry": { "type": "Polygon", "coordinates": [ [ [ -90.227793347825212, 38.683092640797369 ], [ -90.226530482647235, 38.682464317644026 ], [ -90.226285173970098, 38.682339684208529 ], [ -90.226032852928768, 38.682207510563401 ], [ -90.225820860608408, 38.682064474393073 ], [ -90.225553557371683, 38.681884210626855 ], [ -90.225470389101815, 38.681802545049678 ], [ -90.225432874873533, 38.681764701010891 ], [ -90.225174336287168, 38.681509878308361 ], [ -90.225073243377025, 38.681379430788922 ], [ -90.224918552268264, 38.681139735052618 ], [ -90.224796472929285, 38.6809282062585 ], [ -90.230156130756001, 38.678091635551709 ], [ -90.230593200643469, 38.677847571448254 ], [ -90.23074803401019, 38.677659834443659 ], [ -90.232948190555945, 38.674524258304302 ], [ -90.236330180935326, 38.669844653069447 ], [ -90.236451270097248, 38.669776278589957 ], [ -90.239376837183457, 38.671057893211774 ], [ -90.242506113613913, 38.672370993375473 ], [ -90.244255253031312, 38.673070477379525 ], [ -90.25182030857637, 38.676367326961582 ], [ -90.248037120711331, 38.681781479242893 ], [ -90.246580864715796, 38.681154300486114 ], [ -90.246327404299336, 38.681504099774536 ], [ -90.246350420227586, 38.681513980124393 ], [ -90.2458149817883, 38.682261979880828 ], [ -90.244476167634161, 38.681692035311151 ], [ -90.243078312461051, 38.683669229544186 ], [ -90.242951694390996, 38.683887470216185 ], [ -90.242881814189104, 38.684002204312492 ], [ -90.242849023605956, 38.684109909258474 ], [ -90.242427786372389, 38.684590200202898 ], [ -90.242053663023171, 38.684387085274111 ], [ -90.241455436307461, 38.684067706979569 ], [ -90.240747677768567, 38.683697010050572 ], [ -90.240311095949352, 38.683485761134321 ], [ -90.24002132706795, 38.683364297339786 ], [ -90.239585739503454, 38.683208405332593 ], [ -90.239303437012524, 38.683124905146137 ], [ -90.238987015502687, 38.683041136249429 ], [ -90.238568124483052, 38.682947993531755 ], [ -90.238213917363453, 38.682889537548455 ], [ -90.237747040460377, 38.682833353974587 ], [ -90.237257589364503, 38.682799991226887 ], [ -90.236683640737127, 38.682805070556256 ], [ -90.236092976167896, 38.682821367676127 ], [ -90.233120703955763, 38.682919159537455 ], [ -90.228619104828169, 38.683061170416103 ], [ -90.227793347825212, 38.683092640797369 ] ] ] } },
{ "type": "Feature", "properties": { "NHD_NUM": 64, "NHD_NAME": "Near North Riverfront", "pct_tenant_lawyer_pre": 14.3, "total_filings_pre": 7, "pct_tenant_lawyer_post": 16.7, "total_filings_post": 6 }, "geometry": { "type": "Polygon", "coordinates": [ [ [ -90.18098107276721, 38.633829242799052 ], [ -90.181475890835628, 38.633881829027857 ], [ -90.185404562714609, 38.634317883733367 ], [ -90.185620669704832, 38.634334033786061 ], [ -90.185776911079898, 38.634366251284177 ], [ -90.186091971262357, 38.634433933067037 ], [ -90.186110392525109, 38.635227112358358 ], [ -90.186143967615848, 38.636623719415617 ], [ -90.186142272219357, 38.637213207626061 ], [ -90.186277069007332, 38.637676942000979 ], [ -90.186374890942076, 38.638061851150049 ], [ -90.186437082977335, 38.638251486366322 ], [ -90.186563262574012, 38.638548382473573 ], [ -90.186723657552548, 38.638899410733273 ], [ -90.186860130735369, 38.639188782809789 ], [ -90.187079512885049, 38.639590273104993 ], [ -90.187136870363247, 38.639684693629505 ], [ -90.187249286512795, 38.639870810465801 ], [ -90.187547055817646, 38.640362657621765 ], [ -90.187981452585106, 38.641183965490363 ], [ -90.188449309173535, 38.642090676623518 ], [ -90.18869490554863, 38.642571426052363 ], [ -90.189136516551926, 38.643406451057956 ], [ -90.18973088832837, 38.644552634327781 ], [ -90.190271290819297, 38.645632988724344 ], [ -90.191002152172857, 38.647072184989661 ], [ -90.191611183108009, 38.64827608868849 ], [ -90.192671273485317, 38.650389575720943 ], [ -90.193762893578935, 38.652579827462127 ], [ -90.194078638881834, 38.653198729970264 ], [ -90.194686548062862, 38.654418814249773 ], [ -90.194859604385812, 38.654766430284447 ], [ -90.195364555412155, 38.655761763940816 ], [ -90.195602038804779, 38.656261451210014 ], [ -90.195728327759355, 38.656557211700736 ], [ -90.195897608872983, 38.657029727653615 ], [ -90.195960233181665, 38.657267630526924 ], [ -90.196046601986424, 38.657613152674699 ], [ -90.196094622407216, 38.657851484164546 ], [ -90.196166364127578, 38.658277505538877 ], [ -90.196242523506399, 38.658769028167129 ], [ -90.196343231105132, 38.659310452304076 ], [ -90.196414561978742, 38.659701928817867 ], [ -90.196539804015842, 38.660239544371237 ], [ -90.196655549762525, 38.660604610235929 ], [ -90.196859144536788, 38.661115656936126 ], [ -90.197033590178251, 38.661480407826865 ], [ -90.197300679554061, 38.662026160753491 ], [ -90.197680080385865, 38.662790530059773 ], [ -90.197972975385554, 38.663373170794351 ], [ -90.198217908490676, 38.663843818776314 ], [ -90.198688627606828, 38.664626268489108 ], [ -90.198979187839129, 38.665076191255906 ], [ -90.199359475988004, 38.665636427485197 ], [ -90.20003824891883, 38.666640230855783 ], [ -90.20083538218482, 38.667822351208969 ], [ -90.201155603081546, 38.668296589709307 ], [ -90.201822797296515, 38.669283658479323 ], [ -90.202650451148031, 38.670510903309768 ], [ -90.203629948697127, 38.671947901228243 ], [ -90.204338119535961, 38.672995221739285 ], [ -90.204789288375892, 38.673664548216152 ], [ -90.205390394266047, 38.67456215964836 ], [ -90.206259094776286, 38.675777811358174 ], [ -90.206586480933709, 38.676170390120213 ], [ -90.206995018035315, 38.676626546569238 ], [ -90.207059543900954, 38.676694668991601 ], [ -90.207172666489512, 38.676803223054662 ], [ -90.207499783439104, 38.67711776047193 ], [ -90.207612335255533, 38.677220326311136 ], [ -90.207699020863473, 38.677292155949054 ], [ -90.207815994868639, 38.677384435553385 ], [ -90.207918101120967, 38.677471653688904 ], [ -90.208017033669293, 38.677555403521282 ], [ -90.20811042028059, 38.677633454859254 ], [ -90.208197988186598, 38.67770391338054 ], [ -90.208279765392334, 38.677768645796988 ], [ -90.208358336699092, 38.677829032412149 ], [ -90.208433978198187, 38.677886418037673 ], [ -90.208509658863093, 38.677942677608264 ], [ -90.208583280638294, 38.6779971194239 ], [ -90.208656071620865, 38.678049006022185 ], [ -90.208725334534734, 38.678098605456626 ], [ -90.208791981475002, 38.678145451545582 ], [ -90.208857478802372, 38.678190701974316 ], [ -90.208923854095517, 38.67823570770932 ], [ -90.208994038709378, 38.678282562486658 ], [ -90.209069712652465, 38.67833217676619 ], [ -90.20955887907472, 38.67864183938287 ], [ -90.210396690852448, 38.679146003028976 ], [ -90.211035847107212, 38.679548018038346 ], [ -90.211150577665748, 38.679616262208306 ], [ -90.210387884183319, 38.680027413504362 ], [ -90.198966308052263, 38.686082263575926 ], [ -90.198650850442803, 38.686252849192456 ], [ -90.189739501881149, 38.67536544951269 ], [ -90.186518352528694, 38.665207417867002 ], [ -90.18202980473707, 38.649519651545404 ], [ -90.180784678768163, 38.638888765964538 ], [ -90.180663859450476, 38.635487348646926 ], [ -90.18098107276721, 38.633829242799052 ] ] ] } },
{ "type": "Feature", "properties": { "NHD_NUM": 84, "NHD_NAME": "Penrose Park", "pct_tenant_lawyer_pre": null, "total_filings_pre": 0, "pct_tenant_lawyer_post": null, "total_filings_post": 0 }, "geometry": { "type": "Polygon", "coordinates": [ [ [ -90.242427786372389, 38.684590200202898 ], [ -90.242849023605956, 38.684109909258474 ], [ -90.242881814189104, 38.684002204312492 ], [ -90.242951694390996, 38.683887470216185 ], [ -90.243078312461051, 38.683669229544186 ], [ -90.244476167634161, 38.681692035311151 ], [ -90.2458149817883, 38.682261979880828 ], [ -90.246350420227586, 38.681513980124393 ], [ -90.246327404299336, 38.681504099774536 ], [ -90.246580864715796, 38.681154300486114 ], [ -90.248037120711331, 38.681781479242893 ], [ -90.250222711656974, 38.68272666354558 ], [ -90.25018957139909, 38.68277695299615 ], [ -90.249504272688014, 38.683812748794992 ], [ -90.249681233253256, 38.683889765742194 ], [ -90.249661287362031, 38.684335738154061 ], [ -90.249692406519856, 38.684614513396724 ], [ -90.249699836856635, 38.685408092953615 ], [ -90.249546219898491, 38.685336370978462 ], [ -90.24955278765438, 38.685552623766753 ], [ -90.249587791519616, 38.68556140304328 ], [ -90.249446990587913, 38.686164512248105 ], [ -90.25028337530388, 38.686520081950221 ], [ -90.250341656415017, 38.68654469955672 ], [ -90.249762420650839, 38.687385516766653 ], [ -90.249451628937109, 38.68784822077459 ], [ -90.249136229443735, 38.687713243006471 ], [ -90.248485831497987, 38.687438135666568 ], [ -90.247833954676494, 38.687166948457602 ], [ -90.245684883202159, 38.686257961824026 ], [ -90.244627499372243, 38.685754038560681 ], [ -90.24383047458376, 38.685345216647569 ], [ -90.243192054027446, 38.685004698401777 ], [ -90.24263901028975, 38.684704619581694 ], [ -90.242427786372389, 38.684590200202898 ] ] ] } },
{ "type": "Feature", "properties": { "NHD_NUM": 50, "NHD_NAME": "Wells Goodfellow", "pct_tenant_lawyer_pre": 6.1, "total_filings_pre": 131, "pct_tenant_lawyer_post": 2.3, "total_filings_post": 87 }, "geometry": { "type": "Polygon", "coordinates": [ [ [ -90.258243659256195, 38.679253758766521 ], [ -90.267706225428938, 38.665770077607462 ], [ -90.275622517905504, 38.670063977762481 ], [ -90.279391186831774, 38.672098144362181 ], [ -90.285998114777655, 38.67563096637231 ], [ -90.285745199351339, 38.675951334285401 ], [ -90.281172049545475, 38.681729628988059 ], [ -90.275219929444333, 38.689248985615606 ], [ -90.273302864653118, 38.687597282038688 ], [ -90.272526638784512, 38.686923717653357 ], [ -90.272161779933299, 38.686629636033928 ], [ -90.271937192897539, 38.686470403381627 ], [ -90.271275494515734, 38.686056732295036 ], [ -90.268390818165514, 38.684145843762821 ], [ -90.266405534264422, 38.682922222795057 ], [ -90.26576830756666, 38.68254385502113 ], [ -90.265205118289529, 38.682291448807668 ], [ -90.258243659256195, 38.679253758766521 ] ] ] } },
{ "type": "Feature", "properties": { "NHD_NUM": 71, "NHD_NAME": "Mark Twain", "pct_tenant_lawyer_pre": 2.0, "total_filings_pre": 99, "pct_tenant_lawyer_post": 3.4, "total_filings_post": 59 }, "geometry": { "type": "Polygon", "coordinates": [ [ [ -90.227793347825212, 38.683092640797369 ], [ -90.228619104828169, 38.683061170416103 ], [ -90.233120703955763, 38.682919159537455 ], [ -90.236092976167896, 38.682821367676127 ], [ -90.236683640737127, 38.682805070556256 ], [ -90.237257589364503, 38.682799991226887 ], [ -90.237747040460377, 38.682833353974587 ], [ -90.238213917363453, 38.682889537548455 ], [ -90.238568124483052, 38.682947993531755 ], [ -90.238987015502687, 38.683041136249429 ], [ -90.239303437012524, 38.683124905146137 ], [ -90.239585739503454, 38.683208405332593 ], [ -90.24002132706795, 38.683364297339786 ], [ -90.240311095949352, 38.683485761134321 ], [ -90.240747677768567, 38.683697010050572 ], [ -90.241455436307461, 38.684067706979569 ], [ -90.242053663023171, 38.684387085274111 ], [ -90.242427786372389, 38.684590200202898 ], [ -90.24263901028975, 38.684704619581694 ], [ -90.243192054027446, 38.685004698401777 ], [ -90.24383047458376, 38.685345216647569 ], [ -90.244627499372243, 38.685754038560681 ], [ -90.245684883202159, 38.686257961824026 ], [ -90.247833954676494, 38.687166948457602 ], [ -90.248485831497987, 38.687438135666568 ], [ -90.249136229443735, 38.687713243006471 ], [ -90.249451628937109, 38.68784822077459 ], [ -90.249835558824245, 38.688013110334275 ], [ -90.250982988816588, 38.6885048225761 ], [ -90.252221393238273, 38.689034883969171 ], [ -90.252861061858965, 38.689300089473768 ], [ -90.253331923207213, 38.689487338116926 ], [ -90.253644448217045, 38.689617080586601 ], [ -90.253993925360618, 38.689791274674775 ], [ -90.254295352967802, 38.689929642320379 ], [ -90.253970085136899, 38.690102883557614 ], [ -90.241048119525217, 38.69716665725268 ], [ -90.239130388054164, 38.694979605290186 ], [ -90.237952080120166, 38.693418651117646 ], [ -90.230476923221389, 38.684865426994875 ], [ -90.22986325592305, 38.68423954054127 ], [ -90.229337403032076, 38.683870594638016 ], [ -90.227793347825212, 38.683092640797369 ] ] ] } },
{ "type": "Feature", "properties": { "NHD_NUM": 70, "NHD_NAME": "Mark Twain I-70 Industrial", "pct_tenant_lawyer_pre": 3.3, "total_filings_pre": 30, "pct_tenant_lawyer_post": 0.0, "total_filings_post": 19 }, "geometry": { "type": "Polygon", "coordinates": [ [ [ -90.260863570549731, 38.697916307839776 ], [ -90.260690408153593, 38.697484162555597 ], [ -90.260579041534342, 38.697077982572779 ], [ -90.260514020751103, 38.696612201432444 ], [ -90.260481891662394, 38.696086517773409 ], [ -90.260465463822584, 38.695759283384014 ], [ -90.260440875724129, 38.695346855789637 ], [ -90.260381291972919, 38.694911510123532 ], [ -90.260312429407279, 38.694558302106323 ], [ -90.260235456407713, 38.694262960797793 ], [ -90.26013096261623, 38.693993649787139 ], [ -90.260004525161747, 38.693727478254644 ], [ -90.25986378614941, 38.693474100348141 ], [ -90.259683420829745, 38.693189529813417 ], [ -90.259498009920051, 38.692926449940408 ], [ -90.25934999055599, 38.692744916093766 ], [ -90.259236267591433, 38.692617464995614 ], [ -90.259005565249808, 38.692372825795104 ], [ -90.258806170184116, 38.692185226934519 ], [ -90.258610533508687, 38.692016198143968 ], [ -90.258160299958561, 38.691676809575505 ], [ -90.257752675848351, 38.691430894684473 ], [ -90.257131872234382, 38.691108557313143 ], [ -90.256626625688469, 38.690888742340114 ], [ -90.256117855291421, 38.69067580867253 ], [ -90.255328333168677, 38.69035354936436 ], [ -90.25477028046754, 38.690128810563827 ], [ -90.254520662344135, 38.690033333965211 ], [ -90.254295352967802, 38.689929642320379 ], [ -90.253993925360618, 38.689791274674775 ], [ -90.253644448217045, 38.689617080586601 ], [ -90.253331923207213, 38.689487338116926 ], [ -90.252861061858965, 38.689300089473768 ], [ -90.252221393238273, 38.689034883969171 ], [ -90.250982988816588, 38.6885048225761 ], [ -90.249835558824245, 38.688013110334275 ], [ -90.249451628937109, 38.68784822077459 ], [ -90.249762420650839, 38.687385516766653 ], [ -90.250341656415017, 38.68654469955672 ], [ -90.25028337530388, 38.686520081950221 ], [ -90.249446990587913, 38.686164512248105 ], [ -90.249587791519616, 38.68556140304328 ], [ -90.24955278765438, 38.685552623766753 ], [ -90.249546219898491, 38.685336370978462 ], [ -90.249699836856635, 38.685408092953615 ], [ -90.249692406519856, 38.684614513396724 ], [ -90.249661287362031, 38.684335738154061 ], [ -90.249681233253256, 38.683889765742194 ], [ -90.249504272688014, 38.683812748794992 ], [ -90.25018957139909, 38.68277695299615 ], [ -90.250222711656974, 38.68272666354558 ], [ -90.248037120711331, 38.681781479242893 ], [ -90.25182030857637, 38.676367326961582 ], [ -90.252453728924479, 38.676634088509843 ], [ -90.253911407571749, 38.677263723648061 ], [ -90.256156062261468, 38.678252169792088 ], [ -90.258243659256195, 38.679253758766521 ], [ -90.265205118289529, 38.682291448807668 ], [ -90.26576830756666, 38.68254385502113 ], [ -90.266405534264422, 38.682922222795057 ], [ -90.268390818165514, 38.684145843762821 ], [ -90.271275494515734, 38.686056732295036 ], [ -90.271937192897539, 38.686470403381627 ], [ -90.272161779933299, 38.686629636033928 ], [ -90.272526638784512, 38.686923717653357 ], [ -90.273302864653118, 38.687597282038688 ], [ -90.275219929444333, 38.689248985615606 ], [ -90.274894563857529, 38.689660491606745 ], [ -90.26572639953794, 38.701238899764839 ], [ -90.26558992133377, 38.701183269898138 ], [ -90.264041470860462, 38.700539649869022 ], [ -90.263758312229612, 38.70042075749398 ], [ -90.263416285926397, 38.700270415445445 ], [ -90.263191788425175, 38.700161745531759 ], [ -90.262895934894573, 38.700004630745241 ], [ -90.262585873052728, 38.699810416048997 ], [ -90.262256077420901, 38.699587054774312 ], [ -90.261910149700995, 38.699294160422092 ], [ -90.261656948531581, 38.699041023423696 ], [ -90.261390196997326, 38.698743456538004 ], [ -90.261236140707766, 38.698539040473968 ], [ -90.260982811024078, 38.698147453545552 ], [ -90.260864161459025, 38.697917681989757 ], [ -90.260863570549731, 38.697916307839776 ] ] ] } },
{ "type": "Feature", "properties": { "NHD_NUM": 72, "NHD_NAME": "Walnut Park East", "pct_tenant_lawyer_pre": 4.5, "total_filings_pre": 110, "pct_tenant_lawyer_post": 9.0, "total_filings_post": 67 }, "geometry": { "type": "Polygon", "coordinates": [ [ [ -90.241048119525217, 38.69716665725268 ], [ -90.253970085136899, 38.690102883557614 ], [ -90.254295352967802, 38.689929642320379 ], [ -90.254520662344135, 38.690033333965211 ], [ -90.25477028046754, 38.690128810563827 ], [ -90.255328333168677, 38.69035354936436 ], [ -90.256117855291421, 38.69067580867253 ], [ -90.256626625688469, 38.690888742340114 ], [ -90.257131872234382, 38.691108557313143 ], [ -90.257752675848351, 38.691430894684473 ], [ -90.258160299958561, 38.691676809575505 ], [ -90.258610533508687, 38.692016198143968 ], [ -90.258806170184116, 38.692185226934519 ], [ -90.259005565249808, 38.692372825795104 ], [ -90.259236267591433, 38.692617464995614 ], [ -90.25934999055599, 38.692744916093766 ], [ -90.259498009920051, 38.692926449940408 ], [ -90.259683420829745, 38.693189529813417 ], [ -90.25986378614941, 38.693474100348141 ], [ -90.260004525161747, 38.693727478254644 ], [ -90.26013096261623, 38.693993649787139 ], [ -90.260235456407713, 38.694262960797793 ], [ -90.260312429407279, 38.694558302106323 ], [ -90.260381291972919, 38.694911510123532 ], [ -90.260440875724129, 38.695346855789637 ], [ -90.260465463822584, 38.695759283384014 ], [ -90.260481891662394, 38.696086517773409 ], [ -90.260514020751103, 38.696612201432444 ], [ -90.260579041534342, 38.697077982572779 ], [ -90.260690408153593, 38.697484162555597 ], [ -90.260863570549731, 38.697916307839776 ], [ -90.260864161459025, 38.697917681989757 ], [ -90.260773862935267, 38.698023213802472 ], [ -90.260582415137804, 38.698168106962783 ], [ -90.260529829132196, 38.698260261139687 ], [ -90.260300420169102, 38.698576474855898 ], [ -90.260209178675382, 38.698701911936254 ], [ -90.260047683427786, 38.698879376579391 ], [ -90.259970356572666, 38.698950611735285 ], [ -90.259688705239924, 38.699181154075333 ], [ -90.259536809854097, 38.699284938525473 ], [ -90.259056621722465, 38.699587371032258 ], [ -90.254387104566518, 38.702410725251234 ], [ -90.252754284555493, 38.703393743653372 ], [ -90.249425457117638, 38.706768682127027 ], [ -90.241048119525217, 38.69716665725268 ] ] ] } },
{ "type": "Feature", "properties": { "NHD_NUM": 86, "NHD_NAME": "Bellefontaine/Calvary Cemetery", "pct_tenant_lawyer_pre": null, "total_filings_pre": 0, "pct_tenant_lawyer_post": null, "total_filings_post": 0 }, "geometry": { "type": "Polygon", "coordinates": [ [ [ -90.228382723489659, 38.700281855887503 ], [ -90.227334526804569, 38.698185430891733 ], [ -90.226895117566684, 38.697405726444735 ], [ -90.226694134851726, 38.697045958066546 ], [ -90.226064588336953, 38.69589807650901 ], [ -90.225523009489706, 38.694822916923428 ], [ -90.224952730295229, 38.693460275670652 ], [ -90.223648449949721, 38.690350666082701 ], [ -90.223211182665608, 38.689347107313957 ], [ -90.222614679305536, 38.688374582004911 ], [ -90.221931077731682, 38.687506601834741 ], [ -90.221409868660359, 38.687001490363357 ], [ -90.220529047334381, 38.686324558367978 ], [ -90.222334431251824, 38.685420654727949 ], [ -90.224176062682474, 38.684434898533155 ], [ -90.224627729000218, 38.684191359047425 ], [ -90.225022699079545, 38.683895511739479 ], [ -90.225445491795, 38.683505215066745 ], [ -90.225698131389493, 38.683242642226638 ], [ -90.225804749884418, 38.683229629454807 ], [ -90.226020916787135, 38.683197185392359 ], [ -90.226566447747771, 38.68313964440884 ], [ -90.227793347825212, 38.683092640797369 ], [ -90.229337403032076, 38.683870594638016 ], [ -90.22986325592305, 38.68423954054127 ], [ -90.230476923221389, 38.684865426994875 ], [ -90.237952080120166, 38.693418651117646 ], [ -90.239130388054164, 38.694979605290186 ], [ -90.241048119525217, 38.69716665725268 ], [ -90.249425457117638, 38.706768682127027 ], [ -90.244008416159403, 38.71226656146041 ], [ -90.243167125696573, 38.711982796765568 ], [ -90.242464134348509, 38.711747851083047 ], [ -90.24207674419759, 38.71161818788292 ], [ -90.241166051031271, 38.711312728287432 ], [ -90.240236147760228, 38.711001287537165 ], [ -90.239404234206532, 38.710720235424411 ], [ -90.238690166804147, 38.710482962224198 ], [ -90.23810768688486, 38.710277997563772 ], [ -90.237739300918676, 38.71014053661554 ], [ -90.237312668747052, 38.709975073201448 ], [ -90.236855123645881, 38.709791662539985 ], [ -90.236402851817971, 38.709604390899713 ], [ -90.235610640826422, 38.709256593939863 ], [ -90.235279755244775, 38.709102295127821 ], [ -90.234725885451653, 38.708823486532062 ], [ -90.234460084630868, 38.708677570660775 ], [ -90.234176545313332, 38.708514891756238 ], [ -90.233587088269402, 38.708157959159315 ], [ -90.233024803261273, 38.707789881394049 ], [ -90.232746923295451, 38.707595881179287 ], [ -90.232183396891926, 38.707177657215745 ], [ -90.231908228701869, 38.706962848209017 ], [ -90.231646783346051, 38.706751941117851 ], [ -90.231405136890885, 38.706551403885179 ], [ -90.231190026661224, 38.706367621334145 ], [ -90.231005185235205, 38.706204942631835 ], [ -90.230685958237501, 38.705910397997322 ], [ -90.230370842792226, 38.705603945137575 ], [ -90.230131685612832, 38.705367714566037 ], [ -90.230113540820469, 38.705142043111273 ], [ -90.230095256619521, 38.704878862335029 ], [ -90.230030590537908, 38.704444149843056 ], [ -90.229892198611935, 38.703822354452832 ], [ -90.229811716973174, 38.703558563233187 ], [ -90.229350206140921, 38.702500302698802 ], [ -90.228382723489659, 38.700281855887503 ] ] ] } },
{ "type": "Feature", "properties": { "NHD_NUM": 76, "NHD_NAME": "Walnut Park West", "pct_tenant_lawyer_pre": 0.9, "total_filings_pre": 108, "pct_tenant_lawyer_post": 4.9, "total_filings_post": 81 }, "geometry": { "type": "Polygon", "coordinates": [ [ [ -90.249425457117638, 38.706768682127027 ], [ -90.252754284555493, 38.703393743653372 ], [ -90.254387104566518, 38.702410725251234 ], [ -90.259056621722465, 38.699587371032258 ], [ -90.259536809854097, 38.699284938525473 ], [ -90.259688705239924, 38.699181154075333 ], [ -90.259970356572666, 38.698950611735285 ], [ -90.260047683427786, 38.698879376579391 ], [ -90.260209178675382, 38.698701911936254 ], [ -90.260300420169102, 38.698576474855898 ], [ -90.260529829132196, 38.698260261139687 ], [ -90.260582415137804, 38.698168106962783 ], [ -90.260773862935267, 38.698023213802472 ], [ -90.260864161459025, 38.697917681989757 ], [ -90.260982811024078, 38.698147453545552 ], [ -90.261236140707766, 38.698539040473968 ], [ -90.261390196997326, 38.698743456538004 ], [ -90.261656948531581, 38.699041023423696 ], [ -90.261910149700995, 38.699294160422092 ], [ -90.262256077420901, 38.699587054774312 ], [ -90.262585873052728, 38.699810416048997 ], [ -90.262895934894573, 38.700004630745241 ], [ -90.263191788425175, 38.700161745531759 ], [ -90.263416285926397, 38.700270415445445 ], [ -90.263758312229612, 38.70042075749398 ], [ -90.264041470860462, 38.700539649869022 ], [ -90.26558992133377, 38.701183269898138 ], [ -90.26572639953794, 38.701238899764839 ], [ -90.264039743819197, 38.703368623173468 ], [ -90.256510113629972, 38.712873660259369 ], [ -90.255778013123489, 38.713792937817381 ], [ -90.255333410045964, 38.713483096434963 ], [ -90.255005503340257, 38.713115367873684 ], [ -90.249425457117638, 38.706768682127027 ] ] ] } },
{ "type": "Feature", "properties": { "NHD_NUM": 73, "NHD_NAME": "North Pointe", "pct_tenant_lawyer_pre": 1.2, "total_filings_pre": 85, "pct_tenant_lawyer_post": 0.0, "total_filings_post": 48 }, "geometry": { "type": "Polygon", "coordinates": [ [ [ -90.241806999751574, 38.714500547125589 ], [ -90.244008416159403, 38.71226656146041 ], [ -90.249425457117638, 38.706768682127027 ], [ -90.255005503340257, 38.713115367873684 ], [ -90.255333410045964, 38.713483096434963 ], [ -90.255778013123489, 38.713792937817381 ], [ -90.254783948597861, 38.715040480053666 ], [ -90.253163245578762, 38.71707541851417 ], [ -90.252250053512455, 38.718221511792123 ], [ -90.251748739463494, 38.718850874987616 ], [ -90.246358776503527, 38.720951545417655 ], [ -90.24393715801844, 38.72189540696786 ], [ -90.240578314654044, 38.723204155676491 ], [ -90.239842590459844, 38.723490838188653 ], [ -90.240034892370005, 38.72290845314263 ], [ -90.239954669182097, 38.722886307776307 ], [ -90.239876494473933, 38.72285043755987 ], [ -90.239833373197683, 38.722823569376565 ], [ -90.239774244285229, 38.722774478771903 ], [ -90.239757379110131, 38.722756593075133 ], [ -90.239702744307237, 38.722676154739062 ], [ -90.239694915078815, 38.72266034855253 ], [ -90.23967125098531, 38.722584536681879 ], [ -90.239673118056189, 38.722475639320464 ], [ -90.239689111080551, 38.722415018933461 ], [ -90.239737018406132, 38.722330250433295 ], [ -90.239801227903314, 38.722263805980994 ], [ -90.239882046647182, 38.72220838192888 ], [ -90.239956368670491, 38.722175596805243 ], [ -90.24001164020035, 38.722157404909474 ], [ -90.24013378559151, 38.722140294949789 ], [ -90.240214679142085, 38.722141599912128 ], [ -90.240590781319796, 38.720153487209998 ], [ -90.241451637393439, 38.715293101549968 ], [ -90.241553851798201, 38.714889902924689 ], [ -90.241665895557787, 38.714676658793231 ], [ -90.241806999751574, 38.714500547125589 ] ] ] } },
{ "type": "Feature", "properties": { "NHD_NUM": 79, "NHD_NAME": "North Riverfront", "pct_tenant_lawyer_pre": 0.0, "total_filings_pre": 4, "pct_tenant_lawyer_post": null, "total_filings_post": 0 }, "geometry": { "type": "Polygon", "coordinates": [ [ [ -90.220178483565377, 38.72846016268813 ], [ -90.219173197411735, 38.727734215434303 ], [ -90.218871185264561, 38.727579006652007 ], [ -90.21868153398016, 38.727519074692715 ], [ -90.218341756939353, 38.727456474612232 ], [ -90.218023394807048, 38.727439451819222 ], [ -90.217634530969661, 38.727451336353809 ], [ -90.217470627501328, 38.727458243780184 ], [ -90.217054966339077, 38.727456333191114 ], [ -90.21674722939153, 38.727420797132524 ], [ -90.216376789248415, 38.727356497276837 ], [ -90.215833489356015, 38.727268463383894 ], [ -90.215376890828722, 38.727203950014747 ], [ -90.21513751388018, 38.727167232014487 ], [ -90.214615666918633, 38.727053377905285 ], [ -90.214247094678754, 38.726961397375703 ], [ -90.214651136974055, 38.725626708786763 ], [ -90.215906767919492, 38.722271782555111 ], [ -90.216942114917927, 38.713002976412241 ], [ -90.215534226129208, 38.707526470055484 ], [ -90.213375385822204, 38.702738748927814 ], [ -90.212901159456365, 38.702153124205971 ], [ -90.206400243329711, 38.694059821285691 ], [ -90.207014748613418, 38.693583138370968 ], [ -90.198674691197709, 38.686282182049439 ], [ -90.198650850442803, 38.686252849192456 ], [ -90.198966308052263, 38.686082263575926 ], [ -90.210387884183319, 38.680027413504362 ], [ -90.211150577665748, 38.679616262208306 ], [ -90.211248743397647, 38.679674854757174 ], [ -90.212917669349835, 38.680691319773345 ], [ -90.214834527162694, 38.68184837893584 ], [ -90.216039074984891, 38.68257831251281 ], [ -90.216744745130143, 38.682999239234277 ], [ -90.217004614818308, 38.68315001381854 ], [ -90.21744742564438, 38.683380805737904 ], [ -90.217536594106804, 38.683422457191263 ], [ -90.21770741571207, 38.683492889773333 ], [ -90.218081353864264, 38.683643882277842 ], [ -90.218421025048798, 38.683760962074565 ], [ -90.218812630804507, 38.683874019001586 ], [ -90.219171996356266, 38.683954320420874 ], [ -90.219686038833885, 38.684041802236244 ], [ -90.220252168035913, 38.68410425377423 ], [ -90.220566805169156, 38.684119889422909 ], [ -90.220989793507798, 38.684127983831395 ], [ -90.221097850675278, 38.684123902922984 ], [ -90.225470389101815, 38.681802545049678 ], [ -90.225553557371683, 38.681884210626855 ], [ -90.225820860608408, 38.682064474393073 ], [ -90.226032852928768, 38.682207510563401 ], [ -90.226285173970098, 38.682339684208529 ], [ -90.226530482647235, 38.682464317644026 ], [ -90.227793347825212, 38.683092640797369 ], [ -90.226566447747771, 38.68313964440884 ], [ -90.226020916787135, 38.683197185392359 ], [ -90.225804749884418, 38.683229629454807 ], [ -90.225698131389493, 38.683242642226638 ], [ -90.225445491795, 38.683505215066745 ], [ -90.225022699079545, 38.683895511739479 ], [ -90.224627729000218, 38.684191359047425 ], [ -90.224176062682474, 38.684434898533155 ], [ -90.222334431251824, 38.685420654727949 ], [ -90.220529047334381, 38.686324558367978 ], [ -90.221409868660359, 38.687001490363357 ], [ -90.221931077731682, 38.687506601834741 ], [ -90.222614679305536, 38.688374582004911 ], [ -90.223211182665608, 38.689347107313957 ], [ -90.223648449949721, 38.690350666082701 ], [ -90.224952730295229, 38.693460275670652 ], [ -90.225523009489706, 38.694822916923428 ], [ -90.226064588336953, 38.69589807650901 ], [ -90.226694134851726, 38.697045958066546 ], [ -90.226895117566684, 38.697405726444735 ], [ -90.227334526804569, 38.698185430891733 ], [ -90.228382723489659, 38.700281855887503 ], [ -90.226656919291216, 38.701208250135629 ], [ -90.226048816256352, 38.701474990027428 ], [ -90.22250020984751, 38.703448904360968 ], [ -90.224910615275064, 38.706174672246092 ], [ -90.226163134554611, 38.707627026375171 ], [ -90.226725724247885, 38.708283016146268 ], [ -90.227010622353703, 38.708618239845705 ], [ -90.227252013024454, 38.708958826085919 ], [ -90.227662263400404, 38.709675111901014 ], [ -90.227797960421682, 38.710007212216155 ], [ -90.227922890074851, 38.71040658918723 ], [ -90.227993571106055, 38.710944479505301 ], [ -90.227989946725202, 38.711438510636185 ], [ -90.227911034705798, 38.711990275871941 ], [ -90.227826923398553, 38.712452514100882 ], [ -90.227152591594361, 38.716426564243442 ], [ -90.225959263673701, 38.723428999009784 ], [ -90.225796404885912, 38.72430230001013 ], [ -90.225678340866509, 38.724772034214261 ], [ -90.225480505365567, 38.725257341800166 ], [ -90.225421972605673, 38.725356523175947 ], [ -90.225180777147827, 38.725721844359398 ], [ -90.22494360496178, 38.726015314354846 ], [ -90.224640935048413, 38.726331530762195 ], [ -90.224387942348315, 38.726562961389831 ], [ -90.22417813288483, 38.726731117667278 ], [ -90.223992447279613, 38.726860641525747 ], [ -90.223202911830555, 38.727375685444393 ], [ -90.222989855764496, 38.727557095457563 ], [ -90.222900608717083, 38.727665812382874 ], [ -90.222748782829271, 38.727948964142698 ], [ -90.222226454128304, 38.728326187328051 ], [ -90.22156718961044, 38.72876854508867 ], [ -90.22096627843797, 38.729149007733298 ], [ -90.220178483565377, 38.72846016268813 ] ] ] } },
{ "type": "Feature", "properties": { "NHD_NUM": 74, "NHD_NAME": "Baden", "pct_tenant_lawyer_pre": 2.2, "total_filings_pre": 270, "pct_tenant_lawyer_post": 3.8, "total_filings_post": 237 }, "geometry": { "type": "Polygon", "coordinates": [ [ [ -90.221827141446624, 38.729901588811991 ], [ -90.22096627843797, 38.729149007733298 ], [ -90.22156718961044, 38.72876854508867 ], [ -90.222226454128304, 38.728326187328051 ], [ -90.222748782829271, 38.727948964142698 ], [ -90.222900608717083, 38.727665812382874 ], [ -90.222989855764496, 38.727557095457563 ], [ -90.223202911830555, 38.727375685444393 ], [ -90.223992447279613, 38.726860641525747 ], [ -90.22417813288483, 38.726731117667278 ], [ -90.224387942348315, 38.726562961389831 ], [ -90.224640935048413, 38.726331530762195 ], [ -90.22494360496178, 38.726015314354846 ], [ -90.225180777147827, 38.725721844359398 ], [ -90.225421972605673, 38.725356523175947 ], [ -90.225480505365567, 38.725257341800166 ], [ -90.225678340866509, 38.724772034214261 ], [ -90.225796404885912, 38.72430230001013 ], [ -90.225959263673701, 38.723428999009784 ], [ -90.227152591594361, 38.716426564243442 ], [ -90.227826923398553, 38.712452514100882 ], [ -90.227911034705798, 38.711990275871941 ], [ -90.227989946725202, 38.711438510636185 ], [ -90.227993571106055, 38.710944479505301 ], [ -90.227922890074851, 38.71040658918723 ], [ -90.227797960421682, 38.710007212216155 ], [ -90.227662263400404, 38.709675111901014 ], [ -90.227252013024454, 38.708958826085919 ], [ -90.227010622353703, 38.708618239845705 ], [ -90.226725724247885, 38.708283016146268 ], [ -90.226163134554611, 38.707627026375171 ], [ -90.224910615275064, 38.706174672246092 ], [ -90.22250020984751, 38.703448904360968 ], [ -90.226048816256352, 38.701474990027428 ], [ -90.226656919291216, 38.701208250135629 ], [ -90.228382723489659, 38.700281855887503 ], [ -90.229350206140921, 38.702500302698802 ], [ -90.229811716973174, 38.703558563233187 ], [ -90.229892198611935, 38.703822354452832 ], [ -90.230030590537908, 38.704444149843056 ], [ -90.230095256619521, 38.704878862335029 ], [ -90.230113540820469, 38.705142043111273 ], [ -90.230131685612832, 38.705367714566037 ], [ -90.230370842792226, 38.705603945137575 ], [ -90.230685958237501, 38.705910397997322 ], [ -90.231005185235205, 38.706204942631835 ], [ -90.231190026661224, 38.706367621334145 ], [ -90.231405136890885, 38.706551403885179 ], [ -90.231646783346051, 38.706751941117851 ], [ -90.231908228701869, 38.706962848209017 ], [ -90.232183396891926, 38.707177657215745 ], [ -90.232746923295451, 38.707595881179287 ], [ -90.233024803261273, 38.707789881394049 ], [ -90.233587088269402, 38.708157959159315 ], [ -90.234176545313332, 38.708514891756238 ], [ -90.234460084630868, 38.708677570660775 ], [ -90.234725885451653, 38.708823486532062 ], [ -90.235279755244775, 38.709102295127821 ], [ -90.235610640826422, 38.709256593939863 ], [ -90.236402851817971, 38.709604390899713 ], [ -90.236855123645881, 38.709791662539985 ], [ -90.237312668747052, 38.709975073201448 ], [ -90.237739300918676, 38.71014053661554 ], [ -90.23810768688486, 38.710277997563772 ], [ -90.238690166804147, 38.710482962224198 ], [ -90.239404234206532, 38.710720235424411 ], [ -90.240236147760228, 38.711001287537165 ], [ -90.241166051031271, 38.711312728287432 ], [ -90.24207674419759, 38.71161818788292 ], [ -90.242464134348509, 38.711747851083047 ], [ -90.243167125696573, 38.711982796765568 ], [ -90.244008416159403, 38.71226656146041 ], [ -90.241806999751574, 38.714500547125589 ], [ -90.241665895557787, 38.714676658793231 ], [ -90.241553851798201, 38.714889902924689 ], [ -90.241451637393439, 38.715293101549968 ], [ -90.240590781319796, 38.720153487209998 ], [ -90.240214679142085, 38.722141599912128 ], [ -90.24013378559151, 38.722140294949789 ], [ -90.24001164020035, 38.722157404909474 ], [ -90.239956368670491, 38.722175596805243 ], [ -90.239882046647182, 38.72220838192888 ], [ -90.239801227903314, 38.722263805980994 ], [ -90.239737018406132, 38.722330250433295 ], [ -90.239689111080551, 38.722415018933461 ], [ -90.239673118056189, 38.722475639320464 ], [ -90.23967125098531, 38.722584536681879 ], [ -90.239694915078815, 38.72266034855253 ], [ -90.239702744307237, 38.722676154739062 ], [ -90.239757379110131, 38.722756593075133 ], [ -90.239774244285229, 38.722774478771903 ], [ -90.239833373197683, 38.722823569376565 ], [ -90.239876494473933, 38.72285043755987 ], [ -90.239954669182097, 38.722886307776307 ], [ -90.240034892370005, 38.72290845314263 ], [ -90.239842590459844, 38.723490838188653 ], [ -90.234195712601519, 38.725690817428486 ], [ -90.231351862563145, 38.726739885858549 ], [ -90.228448719680799, 38.728003118474895 ], [ -90.228339275468556, 38.728050916902426 ], [ -90.224343690944167, 38.729102816851238 ], [ -90.221956551357934, 38.73005887768204 ], [ -90.221949908549959, 38.730035988673677 ], [ -90.221925248757742, 38.729995181655745 ], [ -90.221883038921021, 38.729950707764438 ], [ -90.221827141446624, 38.729901588811991 ] ] ] } },
{ "type": "Feature", "properties": { "NHD_NUM": 75, "NHD_NAME": "Riverview", "pct_tenant_lawyer_pre": 0.0, "total_filings_pre": 4, "pct_tenant_lawyer_post": 50.0, "total_filings_post": 2 }, "geometry": { "type": "Polygon", "coordinates": [ [ [ -90.175045250810243, 38.773356767682728 ], [ -90.181061275816688, 38.760202338229654 ], [ -90.181853673331361, 38.75675957398537 ], [ -90.182634352989382, 38.754298414640452 ], [ -90.183205389836033, 38.752765467797794 ], [ -90.184443268574327, 38.751234567541317 ], [ -90.185834389022759, 38.749865384632656 ], [ -90.188349510443189, 38.748099663916243 ], [ -90.191389856596132, 38.746407629660851 ], [ -90.198643581245122, 38.742182602672671 ], [ -90.206154959591643, 38.737259878856825 ], [ -90.207930810605276, 38.735936015381 ], [ -90.210733225294675, 38.733392538087585 ], [ -90.212155410252393, 38.731932718777522 ], [ -90.213608083194131, 38.729626762185866 ], [ -90.21393180332656, 38.728003590962551 ], [ -90.214247094678754, 38.726961397375703 ], [ -90.214615666918633, 38.727053377905285 ], [ -90.21513751388018, 38.727167232014487 ], [ -90.215376890828722, 38.727203950014747 ], [ -90.215833489356015, 38.727268463383894 ], [ -90.216376789248415, 38.727356497276837 ], [ -90.21674722939153, 38.727420797132524 ], [ -90.217054966339077, 38.727456333191114 ], [ -90.217470627501328, 38.727458243780184 ], [ -90.217634530969661, 38.727451336353809 ], [ -90.218023394807048, 38.727439451819222 ], [ -90.218341756939353, 38.727456474612232 ], [ -90.21868153398016, 38.727519074692715 ], [ -90.218871185264561, 38.727579006652007 ], [ -90.219173197411735, 38.727734215434303 ], [ -90.220178483565377, 38.72846016268813 ], [ -90.22096627843797, 38.729149007733298 ], [ -90.221827141446624, 38.729901588811991 ], [ -90.221883038921021, 38.729950707764438 ], [ -90.221925248757742, 38.729995181655745 ], [ -90.221949908549959, 38.730035988673677 ], [ -90.221956551357934, 38.73005887768204 ], [ -90.221845639756594, 38.730103234181371 ], [ -90.221471630895081, 38.730501868164843 ], [ -90.219808185347858, 38.732234217265123 ], [ -90.218335904607287, 38.73339284238385 ], [ -90.217965388897156, 38.733562439558796 ], [ -90.212627258893846, 38.736212685911134 ], [ -90.209212614259258, 38.738785796811946 ], [ -90.207889135906726, 38.739772601854085 ], [ -90.202711948184998, 38.744416785298164 ], [ -90.20208723364496, 38.744976723826142 ], [ -90.197306996038492, 38.749263998020282 ], [ -90.195408748173023, 38.751615235290174 ], [ -90.194224397493102, 38.75271073356177 ], [ -90.191972118659351, 38.754778630488175 ], [ -90.189250917324046, 38.757671492811362 ], [ -90.188828751665994, 38.758109953660089 ], [ -90.188684037745631, 38.758259904573123 ], [ -90.188614391935985, 38.758348492569397 ], [ -90.188415050169425, 38.758560298159928 ], [ -90.187122715673809, 38.760240522669321 ], [ -90.186233702759594, 38.76136805949028 ], [ -90.185036223288847, 38.764846829007638 ], [ -90.184896103733138, 38.765542085010615 ], [ -90.183835784922223, 38.770558419689443 ], [ -90.184065619779474, 38.772986400245863 ], [ -90.184179514629335, 38.774337912717584 ], [ -90.175045250810243, 38.773356767682728 ] ] ] } },
{ "type": "Feature", "properties": { "NHD_NUM": 82, "NHD_NAME": "Forest Park", "pct_tenant_lawyer_pre": null, "total_filings_pre": 0, "pct_tenant_lawyer_post": null, "total_filings_post": 0 }, "geometry": { "type": "Polygon", "coordinates": [ [ [ -90.284727306632931, 38.647463099408142 ], [ -90.284944049421043, 38.646033673522894 ], [ -90.274654207156715, 38.645023963953449 ], [ -90.267235453800239, 38.644284929508785 ], [ -90.265831823745074, 38.644150323872353 ], [ -90.265376857608501, 38.644087134783945 ], [ -90.265180308281444, 38.644050604891198 ], [ -90.265022012567059, 38.644008164202312 ], [ -90.26482819218154, 38.643950797139219 ], [ -90.265186746854241, 38.64245318160166 ], [ -90.26564263644093, 38.639724628643272 ], [ -90.266405410830899, 38.63512232115805 ], [ -90.266460087681565, 38.634725206241576 ], [ -90.266519026439894, 38.634266068981816 ], [ -90.26651922086532, 38.633936311111157 ], [ -90.266441626547007, 38.633304375378316 ], [ -90.266410093864863, 38.633150513324175 ], [ -90.266210959742395, 38.632657442936747 ], [ -90.266044608956832, 38.632321889068834 ], [ -90.265402161162626, 38.631266361582448 ], [ -90.264745468750988, 38.630204897320283 ], [ -90.264601130820168, 38.62991787868549 ], [ -90.264504549108452, 38.629649956680382 ], [ -90.264454130507517, 38.629375015894219 ], [ -90.264468683043191, 38.629206857858797 ], [ -90.264528775430065, 38.628761233261713 ], [ -90.27452604941638, 38.629738647876465 ], [ -90.285005098243303, 38.630744927686486 ], [ -90.28676135707785, 38.630908091298032 ], [ -90.291244133502872, 38.63137317942396 ], [ -90.29374295581998, 38.631610108644637 ], [ -90.296489720382709, 38.631870783346386 ], [ -90.297623367853802, 38.631980280065008 ], [ -90.299552625727387, 38.632167165859833 ], [ -90.300347013143934, 38.632268283386118 ], [ -90.30399155556114, 38.632608102479246 ], [ -90.304518627142585, 38.632647894670157 ], [ -90.304497819707137, 38.632678503709492 ], [ -90.304339453025236, 38.633396764332197 ], [ -90.304289268643075, 38.633622559852171 ], [ -90.304099923045683, 38.634260670013951 ], [ -90.303898349523948, 38.635004256293143 ], [ -90.303812122602594, 38.635389666767956 ], [ -90.30367588985753, 38.636241140087208 ], [ -90.30351304394749, 38.637311802772309 ], [ -90.303353431407714, 38.638389087502077 ], [ -90.30315595166077, 38.639446401140688 ], [ -90.302930030238514, 38.640531592123189 ], [ -90.302686945369956, 38.641514907049533 ], [ -90.301665238410166, 38.644228670726704 ], [ -90.301594694871895, 38.644416207216587 ], [ -90.301537565079343, 38.644602365531163 ], [ -90.301400644166691, 38.645167105013108 ], [ -90.301231434947724, 38.645986501340246 ], [ -90.30101756964396, 38.647353603122333 ], [ -90.300924691370099, 38.647917263539036 ], [ -90.300859634099211, 38.647904109748225 ], [ -90.300809224725114, 38.647887328660723 ], [ -90.300768415293064, 38.647867817992577 ], [ -90.30073286434849, 38.647846476652823 ], [ -90.300696181259568, 38.647816647903944 ], [ -90.300660991384888, 38.647778611890217 ], [ -90.300638613508752, 38.647741971555007 ], [ -90.300621533139733, 38.647701439396322 ], [ -90.300610838300216, 38.647656553313183 ], [ -90.300610063765077, 38.647620168706084 ], [ -90.300615440238161, 38.647575337040045 ], [ -90.286346901234467, 38.646171726789866 ], [ -90.286105339432041, 38.647643864255933 ], [ -90.285408737096731, 38.6475547194783 ], [ -90.284727306632931, 38.647463099408142 ] ] ] } },
{ "type": "Feature", "properties": { "NHD_NUM": 47, "NHD_NAME": "DeBaliviere Place", "pct_tenant_lawyer_pre": 2.2, "total_filings_pre": 181, "pct_tenant_lawyer_post": 2.4, "total_filings_post": 127 }, "geometry": { "type": "Polygon", "coordinates": [ [ [ -90.279135500942687, 38.65342940049571 ], [ -90.274566797203107, 38.652973980364109 ], [ -90.274311016925509, 38.652922001455963 ], [ -90.273745018915022, 38.65279163077259 ], [ -90.273485851611042, 38.652714930364141 ], [ -90.273368664703028, 38.652676479639176 ], [ -90.274654207156715, 38.645023963953449 ], [ -90.284944049421043, 38.646033673522894 ], [ -90.284727306632931, 38.647463099408142 ], [ -90.285408737096731, 38.6475547194783 ], [ -90.285014943696154, 38.649856938873882 ], [ -90.284780901413569, 38.651306376873258 ], [ -90.284733674682897, 38.651583627390423 ], [ -90.284679413563111, 38.651976659632076 ], [ -90.284363575592238, 38.653840112468913 ], [ -90.284342555726838, 38.653948536962901 ], [ -90.279135500942687, 38.65342940049571 ] ] ] } },
{ "type": "Feature", "properties": { "NHD_NUM": 46, "NHD_NAME": "Skinker DeBaliviere", "pct_tenant_lawyer_pre": 8.0, "total_filings_pre": 25, "pct_tenant_lawyer_post": 4.5, "total_filings_post": 22 }, "geometry": { "type": "Polygon", "coordinates": [ [ [ -90.284342555726838, 38.653948536962901 ], [ -90.284363575592238, 38.653840112468913 ], [ -90.284679413563111, 38.651976659632076 ], [ -90.284733674682897, 38.651583627390423 ], [ -90.284780901413569, 38.651306376873258 ], [ -90.285014943696154, 38.649856938873882 ], [ -90.285408737096731, 38.6475547194783 ], [ -90.286105339432041, 38.647643864255933 ], [ -90.286346901234467, 38.646171726789866 ], [ -90.300615440238161, 38.647575337040045 ], [ -90.300610063765077, 38.647620168706084 ], [ -90.300610838300216, 38.647656553313183 ], [ -90.300621533139733, 38.647701439396322 ], [ -90.300638613508752, 38.647741971555007 ], [ -90.300660991384888, 38.647778611890217 ], [ -90.300696181259568, 38.647816647903944 ], [ -90.30073286434849, 38.647846476652823 ], [ -90.300768415293064, 38.647867817992577 ], [ -90.300809224725114, 38.647887328660723 ], [ -90.300859634099211, 38.647904109748225 ], [ -90.300924691370099, 38.647917263539036 ], [ -90.300965827430048, 38.647919639807874 ], [ -90.301044310642325, 38.647914501309181 ], [ -90.301088421822001, 38.647904498980402 ], [ -90.301129599019134, 38.64789199258248 ], [ -90.301196220754761, 38.647858248622931 ], [ -90.301247975702935, 38.6478192073684 ], [ -90.301283658575358, 38.647780357707141 ], [ -90.301321210626895, 38.647711087300422 ], [ -90.301332162772951, 38.647650476097127 ], [ -90.303111285022567, 38.647837707516324 ], [ -90.301806998016104, 38.655645620144007 ], [ -90.294584267723579, 38.654955360253403 ], [ -90.284342555726838, 38.653948536962901 ] ] ] } },
{ "type": "Feature", "properties": { "NHD_NUM": 35, "NHD_NAME": "Downtown", "pct_tenant_lawyer_pre": 1.6, "total_filings_pre": 579, "pct_tenant_lawyer_post": 2.5, "total_filings_post": 482 }, "geometry": { "type": "Polygon", "coordinates": [ [ [ -90.186091971262357, 38.634433933067037 ], [ -90.185776911079898, 38.634366251284177 ], [ -90.185620669704832, 38.634334033786061 ], [ -90.185404562714609, 38.634317883733367 ], [ -90.181475890835628, 38.633881829027857 ], [ -90.18098107276721, 38.633829242799052 ], [ -90.181311818337647, 38.62917355962356 ], [ -90.187471001954393, 38.614463147788264 ], [ -90.188069660045556, 38.614753094551304 ], [ -90.191847708632935, 38.616555313778136 ], [ -90.192015647855271, 38.616634701960805 ], [ -90.192045889903127, 38.616593153151584 ], [ -90.192968049351421, 38.617089375884561 ], [ -90.193385209268541, 38.617074214040308 ], [ -90.201683451557628, 38.618759583002991 ], [ -90.201678168434285, 38.618843787577411 ], [ -90.199521636148262, 38.624318689100093 ], [ -90.198249488029518, 38.627462485721637 ], [ -90.196952449101957, 38.631220629608293 ], [ -90.196739785947827, 38.631768108584872 ], [ -90.196534893321058, 38.632273512317283 ], [ -90.195784567094961, 38.634272897236322 ], [ -90.195416541525461, 38.635335981474199 ], [ -90.195377237114428, 38.635449394745237 ], [ -90.195145366613289, 38.635368006291074 ], [ -90.18809269169904, 38.633911848631293 ], [ -90.187608355008805, 38.633790421982233 ], [ -90.187146998672546, 38.633617569875391 ], [ -90.18697425210037, 38.633557164472599 ], [ -90.18689913403081, 38.633522639601516 ], [ -90.186644478050255, 38.633379829082671 ], [ -90.186564130324257, 38.633340704464253 ], [ -90.186440867899165, 38.633300338674594 ], [ -90.186137488702897, 38.633228131563932 ], [ -90.186064377911919, 38.633207560005665 ], [ -90.186091971262357, 38.634433933067037 ] ] ] } }
]
}
